"node1","node2"
"A10014-0","A11813-0"
"A10014-0","A18443-0"
"A10014-0","A27664-0"
"A10014-0","A41419-0"
"A10014-0","A51360-6"
"A10014-0","A6487-1"
"A10014-0","A9661-1"
"A10031","A12749-0"
"A10031","A15939"
"A10031","A18874-1"
"A10031","A20701-0"
"A10031","A25811"
"A10031","A32399-0"
"A10118-1","A22366-0"
"A10118-1","A28258-6"
"A10118-1","A36602-0"
"A10118-1","A39995-0"
"A10118-1","A49688-25"
"A10118-1","A50943-13"
"A10138-2-1","A11259"
"A10138-2-1","A23690"
"A10138-2-1","A26298"
"A10138-2-1","A277"
"A10138-2-1","A28821-0"
"A10138-2-1","A7232-0"
"A10140","A13003-0"
"A10140","A22180-0"
"A10140","A46240-0"
"A10140","A52031-0"
"A10183-0","A25640-0"
"A10183-0","A27922-0"
"A10183-0","A43982-0"
"A10183-0","A44546-0"
"A10183-0","A47394-0"
"A10193-1","A27865-0"
"A10193-1","A40158-0"
"A10193-1","A46618-0"
"A10193-1","A51070-0"
"A10226-3","A27025-0-0"
"A10226-3","A27450-43"
"A10226-3","A49668-17"
"A10226-3","A51380-0"
"A10229-0","A11698-0"
"A10229-0","A14164-0"
"A10229-0","A35487-0"
"A10229-0","A37978-0"
"A10229-0","A41492-0"
"A10229-0","A51085-0"
"A10338","A17714"
"A10338","A41352"
"A10338","A47330-2"
"A10338","A50063-0"
"A1040-1","A13221-0"
"A1040-1","A17905-0"
"A1040-1","A48486-0"
"A1040-1","A49729"
"A1040-1","A6799-0"
"A10418-0","A28328-0"
"A10418-0","A32351-0"
"A10418-0","A40980-0"
"A10418-0","A39782-0"
"A10418-1","A12586-0"
"A10418-1","A2175-0"
"A10418-1","A39001-0"
"A10418-1","A44671-0"
"A10515","A26560-1"
"A10515","A4303-0"
"A10515","A48293-0"
"A10515","A7232-0"
"A10643-0","A20663-3"
"A10643-0","A25208-0"
"A10643-0","A27027-0-4"
"A10643-0","A27464-1"
"A10643-0","A30282-0"
"A10643-0","A31101-2"
"A10643-0","A42659"
"A10643-0","A45223-0"
"A10643-0","A45267-0"
"A10643-0","A50962-2"
"A10643-0","A52216"
"A10643-0","A52345-0-3"
"A10643-0","A52554-0"
"A10643-0","A8016-17"
"A10643-0","A8468-0"
"A10643-0","A9549-2"
"A10869-0","A13633-1"
"A10869-0","A18422-0"
"A10869-0","A22107-0"
"A10869-0","A32246-0"
"A10869-0","A45894-3"
"A10869-0","A52356-0-1"
"A10869-0","A7232-0"
"A10869-0","A7759-0"
"A11171-0","A13940"
"A11171-0","A23601"
"A11171-0","A41765-0"
"A11171-0","A4186"
"A11171-0","A49268-0"
"A11171-0","A50814-1"
"A11171-0","A5410-0"
"A11171-0","A5930-0"
"A11171-1","A18438-0"
"A11171-1","A24157-0"
"A11171-1","A4702"
"A11171-1","A49268-0"
"A11207-1","A39471-0"
"A11207-1","A47637-1"
"A11207-1","A49763-0"
"A11207-1","A6644"
"A11231-0","A21046-0"
"A11231-0","A22796"
"A11231-0","A2800-2"
"A11231-0","A38293-1"
"A11231-0","A4420-0"
"A11231-0","A8009-8"
"A11259","A23690"
"A11259","A26298"
"A11259","A277"
"A11259","A28821-0"
"A11259","A7232-0"
"A11263","A21257-0"
"A11263","A25970"
"A11263","A35532-0"
"A11263","A4397-1"
"A11263","A5576"
"A11343-1","A21046-0"
"A11343-1","A22062-0"
"A11343-1","A23334-1"
"A11343-1","A28261-6"
"A11343-1","A52163-1"
"A11466-0","A17765-0"
"A11466-0","A18841-1"
"A11466-0","A35016"
"A11466-0","A52241-5"
"A11466-0","A9399-0"
"A11466-0","A44456-1"
"A11550-0-1","A20855-0"
"A11550-0-1","A27460-33"
"A11550-0-1","A34125-0"
"A11550-0-1","A47382-0"
"A11698-0","A14164-0"
"A11698-0","A35487-0"
"A11698-0","A37978-0"
"A11698-0","A41492-0"
"A11698-0","A51085-0"
"A11789","A2488"
"A11789","A33643"
"A11789","A40950-0"
"A11789","A42051-0"
"A11813-0","A18987-0"
"A11813-0","A35449-0"
"A11813-0","A9399-0"
"A11883-0","A18079-0"
"A11883-0","A22308-1"
"A11883-0","A33378"
"A11883-0","A43703-17"
"A11883-0","A44548-0"
"A11939-0","A30017"
"A11939-0","A35589-1"
"A11939-0","A43446-0"
"A11939-0","A45119-0"
"A11939-0","A50017-0"
"A12008-0","A13753-0"
"A12008-0","A1409-0"
"A12008-0","A19991-0"
"A12008-0","A43680-0"
"A12008-0","A50240-0"
"A12083-0","A17638-1"
"A12083-0","A25443"
"A12083-0","A28821-0"
"A12083-0","A30050"
"A12083-0","A40214-0"
"A12083-0","A44972"
"A12083-0","A4656-0"
"A12083-0","A7639-1"
"A12209-0-1","A16841"
"A12209-0-1","A22412"
"A12209-0-1","A26602"
"A12209-0-1","A30018-0"
"A12209-0-1","A32046-1"
"A12209-0-1","A4458"
"A12209-1","A29865"
"A12209-1","A42682"
"A12209-1","A49687-7"
"A12209-1","A52163-1"
"A12209-1","A8004-11"
"A12247-0","A12249-0"
"A12247-0","A30932-0"
"A12247-0","A37823"
"A12247-0","A44854-0"
"A12247-0","A50090"
"A12249-0","A30932-0"
"A12249-0","A37823"
"A12249-0","A44854-0"
"A12249-0","A50090"
"A12375","A2104"
"A12375","A25790-0"
"A12375","A29681"
"A12375","A35449-0"
"A12375","A40809-0"
"A12402-0","A16477"
"A12402-0","A1903-0"
"A12402-0","A19601-0"
"A12402-0","A26499-1-0"
"A12402-0","A2752"
"A12402-0","A2762"
"A12402-0","A27955-0"
"A12402-0","A35173"
"A12402-0","A35608-0"
"A12402-0","A36602-0"
"A12402-0","A38645-0"
"A12402-0","A41112-1"
"A12402-0","A4455-6"
"A12402-0","A50853-0"
"A12402-0","A51871-0"
"A12402-0","A52370-0-2"
"A12402-0","A7118"
"A12402-0","A43166-0"
"A12402-0","A44936"
"A12402-0","A50218-0"
"A12402-0","A8009-24"
"A12451","A18527"
"A12451","A28136"
"A12451","A35485"
"A12451","A46546-5"
"A12451","A6091-0"
"A12451","A9157"
"A12559","A3548"
"A12559","A38646-0"
"A12559","A51825-0"
"A12559","A52486-0"
"A12559","A6716-0"
"A12559","A9399-0"
"A12586-0","A2175-0"
"A12586-0","A39001-0"
"A12586-0","A44671-0"
"A12712-0","A18987-0"
"A12712-0","A22238-0"
"A12712-0","A24819-0"
"A12712-0","A46646-0"
"A12749-0","A15939"
"A12749-0","A18874-1"
"A12749-0","A20701-0"
"A12749-0","A25811"
"A12749-0","A32399-0"
"A1285","A16317-0"
"A1285","A17425-0"
"A1285","A22667-0"
"A1285","A33061-0"
"A1285","A33751-0"
"A1285","A4469-0"
"A13003-0","A22180-0"
"A13003-0","A27426-0"
"A13003-0","A37978-0"
"A13003-0","A46240-0"
"A13003-0","A52031-0"
"A13221-0","A17905-0"
"A13221-0","A48486-0"
"A13221-0","A49729"
"A13221-0","A6799-0"
"A13263-0","A17935"
"A13263-0","A22211-1"
"A13263-0","A27017-14"
"A13263-0","A38942"
"A13417-1","A20648-0-0"
"A13417-1","A28763"
"A13417-1","A49678-0-1"
"A13417-1","A49682-0-2"
"A13417-1","A6289"
"A13530-1","A16172-0"
"A13530-1","A253-0"
"A13530-1","A31620-0"
"A13530-1","A369-0"
"A13530-1","A6699-1"
"A13530-1","A6970"
"A13610","A26254-2"
"A13610","A40381-1"
"A13610","A47708-0"
"A13610","A50121-0"
"A13610","A52639-1"
"A13633-1","A13643-2"
"A13633-1","A13976-2"
"A13633-1","A18010-0"
"A13633-1","A18422-0"
"A13633-1","A18683"
"A13633-1","A22056-1"
"A13633-1","A22107-0"
"A13633-1","A25716"
"A13633-1","A27022-1"
"A13633-1","A27450-18"
"A13633-1","A27912-18"
"A13633-1","A3449-0"
"A13633-1","A35953-1"
"A13633-1","A42592-2"
"A13633-1","A45269-14"
"A13633-1","A49668-38"
"A13633-1","A50962-2"
"A13633-1","A51359-22"
"A13633-1","A51386-1"
"A13633-1","A52253-0"
"A13633-1","A52253-20"
"A13633-1","A52345-0-0"
"A13633-1","A52356-0-1"
"A13633-1","A52358-0-4"
"A13633-1","A52370-0-2"
"A13633-1","A52556-0"
"A13633-1","A7232-0"
"A13633-1","A52384-11"
"A13633-1","A592-0"
"A13633-1","A6737-1"
"A13633-1","A8030-1-6"
"A13633-1","A8039-0"
"A13633-2","A26441-0"
"A13633-2","A26935-0"
"A13633-2","A33901-1"
"A13633-2","A45085-1"
"A13643-2","A22056-1"
"A13643-2","A22107-0"
"A13643-2","A27022-1"
"A13643-2","A45894-0"
"A13723","A17907-0"
"A13723","A21343"
"A13723","A30226"
"A13723","A38645-0"
"A13723","A50230"
"A13733","A16321"
"A13733","A19673-0"
"A13733","A22217-10"
"A13733","A23889-9"
"A13733","A45258-1-1"
"A13753-0","A1409-0"
"A13753-0","A19991-0"
"A13753-0","A43680-0"
"A13753-0","A50240-0"
"A13773","A26452"
"A13773","A2809-0"
"A13773","A39125-0"
"A13773","A43400-11"
"A13773","A49763-0"
"A13809-0","A20216-0"
"A13809-0","A2538-0"
"A13809-0","A38761-1"
"A13809-0","A49557-0"
"A13809-0","A47237-0"
"A1381-1","A21046-0"
"A1381-1","A27027-118"
"A1381-1","A27237-0"
"A1381-1","A36252-0"
"A1381-1","A39926"
"A1381-1","A42826-1"
"A1381-1","A52370-0-2"
"A1381-1","A52656"
"A1381-1","A52657"
"A13940","A41765-0"
"A13940","A4186"
"A13940","A5410-0"
"A13976-2","A18683"
"A13976-2","A22056-1"
"A13976-2","A52241-0"
"A13977-2","A15880-0"
"A13977-2","A27224-4-1"
"A13977-2","A42967"
"A13977-2","A51801-0"
"A13977-2","A52311-1"
"A1409-0","A19991-0"
"A1409-0","A43680-0"
"A1409-0","A50240-0"
"A14141","A24112-0"
"A14141","A24122-0"
"A14141","A27239-0"
"A14141","A49218"
"A14141","A49491-0"
"A14141","A52241-0"
"A14164-0","A20657-0-3"
"A14164-0","A25346-0"
"A14164-0","A35487-0"
"A14164-0","A37978-0"
"A14164-0","A41492-0"
"A14164-0","A46768-0"
"A14164-0","A51085-0"
"A14164-0","A52567-Unknow0"
"A14274-0","A24757-1"
"A14274-0","A27922-0"
"A14274-0","A43982-0"
"A14274-0","A51296-0"
"A14274-0","A52163-1"
"A14274-0","A52554-0"
"A14274-0","A6737-1"
"A14274-0","A47311-0"
"A14274-0","A6998-1"
"A14612","A19787-1"
"A14612","A28242-1"
"A14612","A30241-1"
"A14612","A30553"
"A14612","A36602-0"
"A14612","A48575"
"A14783-0","A27220-0-0"
"A14783-0","A33763-0"
"A14783-0","A45957-0"
"A14783-0","A5079-0"
"A14783-0","A52163-1"
"A14819-0","A39995-0"
"A14819-0","A40435-1"
"A14819-0","A44916"
"A14819-0","A48505-0"
"A14819-0","A49203"
"A14819-0","A6084-0"
"A15003-1","A18987-1"
"A15003-1","A43339-1"
"A15003-1","A4551-0"
"A15003-1","A46115-3-2"
"A15003-1","A46646-0"
"A15003-1","A46646-1"
"A15184-0","A26710-0"
"A15184-0","A27460-25"
"A15184-0","A38738"
"A15184-0","A42347-0"
"A15184-0","A45174-3"
"A15184-0","A45400-1"
"A15209-0","A16006-0"
"A15209-0","A18004-2"
"A15209-0","A19171-1-0"
"A15209-0","A27025-0-0"
"A15209-0","A52384-1"
"A15337-0","A2440"
"A15337-0","A35830-1"
"A15337-0","A3967"
"A15337-0","A41403"
"A15337-0","A6650"
"A15337-0","A7892-0"
"A15337-0","A8006-9-1"
"A15539","A28927-0"
"A15539","A40585-1"
"A15539","A42727-1"
"A15539","A52150"
"A15539","A52274-0"
"A15539","A6131-0"
"A15598-0","A27448-7"
"A15598-0","A35117-0"
"A15598-0","A3515-0"
"A15598-0","A35492"
"A15598-0","A35694-0"
"A15598-0","A40370-2"
"A15598-0","A4122-0"
"A15598-0","A49597-0"
"A15598-0","A6715-0"
"A15599-0","A17087-1"
"A15599-0","A40834-1"
"A15599-0","A48042-0"
"A15599-0","A51977-0"
"A15706-1","A28638-0"
"A15706-1","A32404"
"A15706-1","A44832-0"
"A15706-1","A7035-0"
"A15803-0","A19742-0"
"A15803-0","A25969"
"A15803-0","A40233-2"
"A15803-0","A44854-0"
"A15843","A18117"
"A15843","A28926-0"
"A15843","A4350-0"
"A15843","A49985"
"A15880-0","A27224-4-1"
"A15880-0","A42967"
"A15880-0","A51801-0"
"A15880-0","A52311-1"
"A15939","A18874-1"
"A15939","A20701-0"
"A15939","A25811"
"A15939","A32399-0"
"A15971-0","A19791-1"
"A15971-0","A25148"
"A15971-0","A27452-49"
"A15971-0","A38675-0"
"A15971-0","A45086-20"
"A16006-0","A18004-2"
"A16006-0","A27452-0-0"
"A16006-0","A52357-0-1"
"A16015-0","A23147-0"
"A16015-0","A39471-0"
"A16015-0","A46646-2"
"A16015-0","A49763-0"
"A16028-0","A16692-0"
"A16028-0","A18422-0"
"A16028-0","A26134"
"A16028-0","A28274-0-2"
"A16028-0","A28274-1"
"A16028-0","A47394-0"
"A16028-0","A50191"
"A16028-0","A876"
"A16040-0","A39374-0"
"A16040-0","A39739-0"
"A16040-0","A41205-0"
"A16040-0","A43227-0"
"A16040-0","A6131-0"
"A16105","A18420-0"
"A16105","A21437"
"A16105","A49570-2"
"A16105","A6629-0"
"A16172-0","A253-0"
"A16172-0","A31620-0"
"A16172-0","A369-0"
"A16172-0","A6699-1"
"A16172-0","A6970"
"A16266-0","A18422-0"
"A16266-0","A23872-1"
"A16266-0","A27380-0"
"A16266-0","A28666-0"
"A16266-0","A28821-0"
"A16266-0","A32302-0"
"A16266-0","A43434-0"
"A16266-0","A46350-1"
"A16266-0","A7232-0"
"A16266-0","A43430-1"
"A16266-0","A7644-1"
"A16317-0","A17425-0"
"A16317-0","A22667-0"
"A16317-0","A33061-0"
"A16317-0","A33751-0"
"A16317-0","A4469-0"
"A16321","A19673-0"
"A16321","A22217-10"
"A16321","A23889-9"
"A16321","A45258-1-1"
"A16374","A27043"
"A16374","A29203-0"
"A16374","A34558"
"A16374","A46933-0"
"A16374","A49687-Unknow7"
"A16374","A52163-1"
"A16374","A5917"
"A16376","A2122"
"A16376","A22414-1"
"A16376","A27426-0"
"A16376","A28764-0"
"A16376","A32968-1"
"A16441-2","A21046-1"
"A16441-2","A27027-Unknow6"
"A16441-2","A27237-Unknow2"
"A16441-2","A42723-Unknow0"
"A16441-2","A52370-0-2"
"A16477","A27955-0"
"A16477","A50853-0"
"A16477","A51871-0"
"A16477","A7118"
"A16477","A8009-24"
"A16692-0","A26134"
"A16692-0","A50191"
"A16692-0","A876"
"A16766-0","A46630-0"
"A16766-0","A48491-0"
"A16766-0","A49935-0"
"A16766-0","A6744-2"
"A16841","A22412"
"A16841","A26602"
"A16841","A30018-0"
"A16841","A32046-1"
"A16841","A4458"
"A16927","A30010"
"A16927","A32480-0"
"A16927","A46380-0"
"A16927","A51820-0-1"
"A16965-0","A22573-0"
"A16965-0","A37978-0"
"A16965-0","A41760-1"
"A16965-0","A8621-2"
"A17087-1","A40834-1"
"A17087-1","A48042-0"
"A17087-1","A51977-0"
"A17116-0","A20596-0"
"A17116-0","A23182-0"
"A17116-0","A35449-0"
"A17116-0","A37334-0"
"A17116-0","A52481"
"A17116-0","A52593-0"
"A17116-0","A5822-1"
"A17132","A21341-0"
"A17132","A24411-1"
"A17132","A26217-1"
"A17132","A31218"
"A17147","A19600-0"
"A17147","A1995"
"A17147","A32014-0"
"A17147","A40236-0"
"A17147","A9310-0"
"A1717-1","A19061-1"
"A1717-1","A27047-0-0"
"A1717-1","A40158-0"
"A1717-1","A46618-0"
"A17425-0","A22667-0"
"A17425-0","A33061-0"
"A17425-0","A33751-0"
"A17425-0","A4469-0"
"A17638-1","A25443"
"A17638-1","A28821-0"
"A17638-1","A30050"
"A17638-1","A40214-0"
"A17638-1","A44972"
"A17638-1","A4656-0"
"A17638-1","A7639-1"
"A17714","A41352"
"A17714","A47330-2"
"A17714","A50063-0"
"A17765-0","A18841-1"
"A17765-0","A20164-0"
"A17765-0","A20653-14"
"A17765-0","A28273-0-0"
"A17765-0","A32249-1"
"A17765-0","A35016"
"A17765-0","A39171"
"A17765-0","A49428-0"
"A17765-0","A44456-1"
"A17765-0","A49681-6"
"A17905-0","A48486-0"
"A17905-0","A49729"
"A17905-0","A6799-0"
"A17905-1","A26622-2"
"A17905-1","A3378-0"
"A17905-1","A38645-0"
"A17905-1","A41934-2"
"A17905-1","A44760-0"
"A17905-1","A45267-10"
"A17905-1","A48486-0"
"A17905-1","A588-0"
"A17905-1","A6744-1"
"A17905-1","A6799-0"
"A17905-1","A9266"
"A17907-0","A21343"
"A17907-0","A30226"
"A17907-0","A38645-0"
"A17907-0","A50230"
"A17935","A22211-1"
"A17935","A27017-14"
"A17935","A38942"
"A17949-0","A22025-1"
"A17949-0","A32253-0"
"A17949-0","A51168-1"
"A17949-0","A51820-0-0"
"A18004-2","A22121-0"
"A18004-2","A27023-43"
"A18004-2","A27464-1"
"A18004-2","A47354-0"
"A18004-2","A51184-2"
"A18004-2","A8006-6"
"A18010-0","A18683"
"A18010-0","A45258-0-3"
"A18010-0","A49674-0-3"
"A18010-0","A51607-0"
"A18010-0","A8007-0-1"
"A18012-1","A18420-0"
"A18012-1","A22108-3"
"A18012-1","A24934-0"
"A18012-1","A51131-1"
"A18012-1","A51157-2"
"A18012-1","A52373-0-0"
"A18012-1","A52373-0-1"
"A18079-0","A22308-1"
"A18079-0","A33378"
"A18079-0","A43703-17"
"A18079-0","A44548-0"
"A18117","A28926-0"
"A18117","A4350-0"
"A18117","A49985"
"A18176","A24970"
"A18176","A38675-0"
"A18176","A41367"
"A18176","A50385"
"A18261-0","A28887-1"
"A18261-0","A35409-0"
"A18261-0","A51349-1"
"A18261-0","A52373-0-0"
"A18415-1","A21046-0"
"A18415-1","A27027-118"
"A18415-1","A27237-0"
"A18415-1","A52370-0-2"
"A18415-1","A8020-Unknow1"
"A18420-0","A21437"
"A18420-0","A24934-0"
"A18420-0","A39733-0"
"A18420-0","A44798-0"
"A18420-0","A49570-2"
"A18420-0","A6629-0"
"A18422-0","A20387-0"
"A18422-0","A22107-0"
"A18422-0","A28274-0-2"
"A18422-0","A28666-0"
"A18422-0","A29388-0"
"A18422-0","A32246-0"
"A18422-0","A32347-0"
"A18422-0","A34498-0"
"A18422-0","A35409-0"
"A18422-0","A35956-0"
"A18422-0","A45894-3"
"A18422-0","A46759-0"
"A18422-0","A48293-0"
"A18422-0","A49674-0-3"
"A18422-0","A51046-0"
"A18422-0","A51377-0"
"A18422-0","A51386-1"
"A18422-0","A6744-1"
"A18422-0","A7232-0"
"A18422-0","A8598-0"
"A18422-0","A7759-0"
"A18422-0","A52357-0-1"
"A18422-0","A8039-0"
"A18438-0","A24157-0"
"A18438-0","A4702"
"A18438-0","A49268-0"
"A18443-0","A27664-0"
"A18443-0","A39739-0"
"A18443-0","A43662-0"
"A18443-0","A51360-6"
"A18443-0","A6487-1"
"A18443-0","A9661-1"
"A18527","A28136"
"A18527","A35485"
"A18527","A46546-5"
"A18527","A6091-0"
"A18527","A9157"
"A18560-0","A25723-2"
"A18560-0","A27450-18"
"A18560-0","A49763-0"
"A18560-0","A51813-0-0"
"A18560-0","A6716-0"
"A18683","A52241-0"
"A18738-0","A27354-0"
"A18738-0","A35409-0"
"A18738-0","A51187-0"
"A18738-0","A51349-1"
"A18738-0","A8015-2"
"A18828-0","A21271-0"
"A18828-0","A25103"
"A18828-0","A38729"
"A18828-0","A52249-Unknow0"
"A18841-1","A35016"
"A18841-1","A44456-1"
"A18843-0","A28274-0-2"
"A18843-0","A369-0"
"A18843-0","A7232-0"
"A18843-0","A8598-0"
"A18874-1","A20701-0"
"A18874-1","A25811"
"A18874-1","A32399-0"
"A18962","A21298"
"A18962","A2962-0"
"A18962","A46525-0"
"A18962","A50156-0"
"A18962","A8019-53"
"A18987-0","A22238-0"
"A18987-0","A35671-0"
"A18987-0","A46646-0"
"A18987-0","A52556-0"
"A18987-1","A43339-1"
"A18987-1","A4551-0"
"A18987-1","A46115-3-2"
"A18987-1","A46646-0"
"A18987-1","A46646-1"
"A1903-0","A26499-1-0"
"A1903-0","A2752"
"A1903-0","A44936"
"A19061-1","A27047-0-0"
"A19061-1","A40158-0"
"A19061-1","A46618-0"
"A19171-0-0","A19172-26"
"A19171-0-0","A27026-72"
"A19171-0-0","A27220-0-1"
"A19171-0-0","A52241-3-2"
"A19171-0-0","A52256-0-3"
"A19171-1-0","A28270-1"
"A19171-1-0","A49673-0"
"A19171-1-0","A49676-0-3"
"A19171-1-0","A52346-5"
"A19171-1-0","A52373-0-0"
"A19171-1-0","A52384-1"
"A19172-26","A27026-72"
"A19172-26","A27220-0-1"
"A19172-26","A52241-3-2"
"A19172-26","A52256-0-3"
"A19173-1","A23033-0"
"A19173-1","A26507-13"
"A19173-1","A32302-0"
"A19173-1","A39916"
"A19173-1","A43712-1"
"A19173-1","A52246-7"
"A19410-0","A25084"
"A19410-0","A26300-0"
"A19410-0","A50459-0"
"A19410-0","A5688-0"
"A19415","A29788"
"A19415","A30947-0"
"A19415","A50836-0"
"A19415","A52359-3"
"A19457","A27219-0-1"
"A19457","A32930"
"A19457","A3781"
"A19457","A4256-0"
"A19457","A4261-1"
"A19550-0","A31109-4"
"A19550-0","A34958"
"A19550-0","A36491"
"A19550-0","A39002-0"
"A19550-0","A39308-0"
"A19550-0","A39308-1"
"A19550-0","A45453-1"
"A19550-0","A51744-5"
"A19600-0","A1995"
"A19600-0","A32014-0"
"A19600-0","A40236-0"
"A19600-0","A9310-0"
"A19601-0","A21046-0"
"A19601-0","A22211-0"
"A19601-0","A27380-0"
"A19601-0","A2762"
"A19601-0","A35173"
"A19601-0","A4455-6"
"A19601-0","A8009-8"
"A19601-0","A43166-0"
"A19601-0","A50218-0"
"A19673-0","A22217-10"
"A19673-0","A23889-9"
"A19673-0","A45258-1-1"
"A19742-0","A25969"
"A19742-0","A40233-2"
"A19742-0","A40980-0"
"A19742-0","A44854-0"
"A19787-1","A28242-1"
"A19787-1","A30241-1"
"A19787-1","A30553"
"A19787-1","A36602-0"
"A19787-1","A48575"
"A19791-1","A25148"
"A19791-1","A27452-49"
"A19791-1","A45086-20"
"A19916","A22702-0"
"A19916","A24573-4"
"A19916","A32824-0"
"A19916","A41083-0"
"A1995","A32014-0"
"A1995","A40236-0"
"A1995","A9310-0"
"A19979-0","A40236-0"
"A19979-0","A5341-0"
"A19979-0","A7305-0"
"A19979-0","A9310-0"
"A19991-0","A43680-0"
"A19991-0","A50240-0"
"A20099-0","A22934-0"
"A20099-0","A27461-4"
"A20099-0","A49676-36"
"A20099-0","A52251-46"
"A20164-0","A20653-14"
"A20164-0","A28273-0-0"
"A20164-0","A32249-1"
"A20164-0","A39171"
"A20164-0","A49428-0"
"A20164-0","A49681-6"
"A20208-0","A28821-0"
"A20208-0","A32399-0"
"A20208-0","A49557-0"
"A20208-0","A44671-0"
"A20216-0","A2538-0"
"A20216-0","A27452-0-0"
"A20216-0","A38761-1"
"A20216-0","A47237-0"
"A20281-1","A33558-0"
"A20281-1","A49682-42"
"A20281-1","A50948-3"
"A20281-1","A7232-0"
"A20281-1","A8020-39"
"A20290-0","A28125-0"
"A20290-0","A32014-0"
"A20290-0","A47571-0"
"A20290-0","A49678-0-1"
"A20290-0","A7232-0"
"A20290-0","A7798-0"
"A20387-0","A20655-0-0"
"A20387-0","A28270-0-2"
"A20387-0","A28887-1"
"A20596-0","A27446-2"
"A20596-0","A35449-0"
"A20596-0","A37334-0"
"A20596-0","A52311-1"
"A20596-0","A52593-0"
"A20618-0","A32517"
"A20618-0","A52274-Unknow0"
"A20618-0","A8020-Unknow3"
"A20618-0","A8043-10"
"A20624-3","A35144-8"
"A20624-3","A46639-8"
"A20624-3","A49686-86"
"A20624-3","A52241-5"
"A20648-0-0","A28763"
"A20648-0-0","A49678-0-1"
"A20648-0-0","A49682-0-2"
"A20648-0-0","A6289"
"A20648-1","A37707-0-2"
"A20648-1","A49676-0-3"
"A20648-1","A49677-0-0"
"A20648-1","A51154-0"
"A20648-1","A51296-0"
"A20648-1","A8228-2"
"A20653-14","A28273-0-0"
"A20653-14","A32249-1"
"A20653-14","A39171"
"A20653-14","A49428-0"
"A20653-14","A49681-6"
"A20655-0-0","A27014-4"
"A20655-0-0","A27034-2"
"A20655-0-0","A27224-3"
"A20655-0-0","A28270-0-2"
"A20655-0-0","A28270-1"
"A20655-0-0","A45266-0"
"A20655-0-0","A51607-0"
"A20655-0-0","A51801-22"
"A20655-0-0","A52237-0-1"
"A20655-0-0","A52237-7"
"A20655-1-1","A27049-3"
"A20655-1-1","A27296-1"
"A20655-1-1","A33558-0"
"A20655-1-1","A8020-39"
"A20655-2","A27014-4"
"A20655-2","A27034-2"
"A20655-2","A2800-2"
"A20655-2","A28270-1"
"A20655-2","A28671-2"
"A20655-2","A29518-0"
"A20655-2","A42727-1"
"A20655-2","A52348-1"
"A20655-2","A6372-0"
"A20655-2","A7232-0"
"A20655-2","A8030-1-6"
"A20655-Unknow1","A20667-24"
"A20655-Unknow1","A28270-0-2"
"A20655-Unknow1","A52249-0"
"A20655-Unknow1","A52251-0"
"A20657-0-3","A25346-0"
"A20657-0-3","A46768-0"
"A20657-0-3","A52567-Unknow0"
"A20663-3","A25208-0"
"A20663-3","A27027-0-4"
"A20663-3","A27464-1"
"A20663-3","A30282-0"
"A20663-3","A31101-2"
"A20663-3","A42659"
"A20663-3","A45223-0"
"A20663-3","A45267-0"
"A20663-3","A50962-2"
"A20663-3","A52216"
"A20663-3","A52345-0-3"
"A20663-3","A52554-0"
"A20663-3","A8016-17"
"A20663-3","A8468-0"
"A20663-3","A9549-2"
"A20666-3","A27017-11"
"A20666-3","A33553-0"
"A20666-3","A42739-0"
"A20666-3","A42871-1"
"A20666-3","A49677-0-0"
"A20666-3","A6733-0"
"A20666-3","A50943-8-2"
"A20666-3","A8020-0-9"
"A20666-4","A26507-55"
"A20666-4","A26978-0"
"A20666-4","A42727-1"
"A20666-4","A47311-0"
"A20667-24","A28270-0-2"
"A20667-24","A52249-0"
"A20667-24","A52251-0"
"A20701-0","A23883-0"
"A20701-0","A24621-0"
"A20701-0","A25811"
"A20701-0","A32399-0"
"A20828-0","A49687-120"
"A20828-0","A50943-13"
"A20828-0","A52060-0"
"A20828-0","A52060-1"
"A20828-0","A52366-1"
"A20828-0","A52589"
"A20855-0","A27460-33"
"A20855-0","A34125-0"
"A20855-0","A47382-0"
"A2102","A22227-1"
"A2102","A27050-2"
"A2102","A28274-0-3"
"A2102","A28919-1"
"A2102","A35756-1"
"A2102","A44402"
"A2102","A7232-0"
"A2102","A7892-0"
"A2102","A49683-14"
"A2104","A25790-0"
"A2104","A29681"
"A2104","A35449-0"
"A2104","A40809-0"
"A21046-0","A22062-0"
"A21046-0","A22211-0"
"A21046-0","A23334-1"
"A21046-0","A23883-0"
"A21046-0","A23885-0-35"
"A21046-0","A27027-118"
"A21046-0","A27045-0"
"A21046-0","A27110-0"
"A21046-0","A27226-28"
"A21046-0","A27237-0"
"A21046-0","A27380-0"
"A21046-0","A27464-1"
"A21046-0","A28261-6"
"A21046-0","A28666-0"
"A21046-0","A36252-0"
"A21046-0","A39926"
"A21046-0","A40236-0"
"A21046-0","A41628"
"A21046-0","A42467-1"
"A21046-0","A42826-1"
"A21046-0","A42826-Unknow0"
"A21046-0","A43430-0"
"A21046-0","A45066-0"
"A21046-0","A45267-0"
"A21046-0","A51379-Unknow0"
"A21046-0","A51589-0"
"A21046-0","A52163-1"
"A21046-0","A52241-5"
"A21046-0","A52370-0-2"
"A21046-0","A52656"
"A21046-0","A606"
"A21046-0","A8009-8"
"A21046-0","A43166-0"
"A21046-0","A52657"
"A21046-0","A43430-1"
"A21046-0","A8020-Unknow1"
"A21046-0","A8013-8"
"A21046-1","A27027-Unknow6"
"A21046-1","A27237-Unknow2"
"A21046-1","A42723-Unknow0"
"A21046-1","A52370-0-2"
"A21141-0","A27271-1"
"A21141-0","A40057-0"
"A21141-0","A43367-2"
"A21141-0","A44017-0"
"A2122","A22414-1"
"A2122","A27426-0"
"A2122","A28764-0"
"A2122","A32968-1"
"A21231-0","A32253-0"
"A21231-0","A32351-0"
"A21231-0","A35449-0"
"A21231-0","A39782-0"
"A21257-0","A25970"
"A21257-0","A35532-0"
"A21257-0","A4397-1"
"A21257-0","A5576"
"A21271-0","A25103"
"A21271-0","A38729"
"A21271-0","A52249-Unknow0"
"A21298","A2962-0"
"A21298","A46525-0"
"A21298","A50156-0"
"A21298","A8019-53"
"A21341-0","A24411-1"
"A21341-0","A26217-1"
"A21341-0","A31218"
"A21343","A30226"
"A21343","A38645-0"
"A21343","A50230"
"A21437","A49570-2"
"A21437","A6629-0"
"A2175-0","A39001-0"
"A2175-0","A44671-0"
"A2178-0","A32246-0"
"A2178-0","A42051-0"
"A2178-0","A49674-0-3"
"A2178-0","A52639-1"
"A21902-0","A27014-4"
"A21902-0","A27922-0"
"A21902-0","A28270-0-2"
"A21902-0","A43982-0"
"A21902-0","A6744-1"
"A22025-0","A2800-2"
"A22025-0","A32014-0"
"A22025-0","A33475-0"
"A22025-0","A45795-0"
"A22025-1","A26499-8-0"
"A22025-1","A27055-0"
"A22025-1","A31370-0"
"A22025-1","A32253-0"
"A22025-1","A51168-1"
"A22025-1","A51820-0-0"
"A22025-1","A51828-1"
"A22025-3","A24693-0"
"A22025-3","A26499-8-0"
"A22025-3","A32253-0"
"A22025-3","A45119-0"
"A22025-3","A46380-0"
"A22025-3","A46195-2"
"A22056-1","A52345-0-0"
"A22056-1","A592-0"
"A22056-1","A6737-1"
"A22056-3","A27009-Unknow4"
"A22056-3","A35671-0"
"A22056-3","A51340-2"
"A22056-3","A52271-0-0"
"A22062-0","A23334-1"
"A22062-0","A28261-6"
"A22062-0","A52163-1"
"A22107-0","A27879-0"
"A22107-0","A6744-1"
"A22108-3","A51131-1"
"A22108-3","A51157-2"
"A22108-3","A52373-0-1"
"A22120-0-0","A27220-0-0"
"A22120-0-0","A49935-0"
"A22120-0-0","A51607-0"
"A22120-0-0","A8007-0-1"
"A22121-0","A27023-43"
"A22121-0","A47354-0"
"A22121-0","A51184-2"
"A22121-0","A8006-6"
"A22180-0","A43662-0"
"A22180-0","A46240-0"
"A22180-0","A52031-0"
"A22211-0","A47394-0"
"A22211-0","A43166-0"
"A22211-1","A27017-14"
"A22211-1","A27220-0-0"
"A22211-1","A52163-1"
"A22211-1","A38942"
"A22211-5","A27655-0"
"A22211-5","A31916"
"A22211-5","A52286-2-0"
"A22211-5","A8518-2"
"A22217-10","A23889-9"
"A22217-10","A45258-1-1"
"A22227-1","A28919-1"
"A22227-1","A35756-1"
"A22227-1","A49683-14"
"A22238-0","A35671-0"
"A22238-0","A46646-0"
"A22308-1","A33378"
"A22308-1","A43703-17"
"A22308-1","A44548-0"
"A22366-0","A28258-6"
"A22366-0","A49688-25"
"A22366-0","A50943-13"
"A22412","A26602"
"A22412","A30018-0"
"A22412","A32046-1"
"A22412","A4458"
"A22414-1","A27426-0"
"A22414-1","A28764-0"
"A22414-1","A32968-1"
"A22573-0","A37978-0"
"A22573-0","A41760-1"
"A22573-0","A8621-2"
"A22639","A27028-23"
"A22639","A30084-0"
"A22639","A6830"
"A22639","A8623-0"
"A22639","A9410"
"A22667-0","A33061-0"
"A22667-0","A33751-0"
"A22667-0","A4469-0"
"A22702-0","A24573-4"
"A22702-0","A32824-0"
"A22702-0","A41083-0"
"A22796","A2800-2"
"A22796","A38293-1"
"A22796","A4420-0"
"A22882-1","A2593"
"A22882-1","A27341"
"A22882-1","A27653"
"A22882-1","A34416-0"
"A22909-0","A30572"
"A22909-0","A31073"
"A22909-0","A43043-1"
"A22909-0","A46131-1"
"A22934-0","A27461-4"
"A22934-0","A49676-36"
"A22934-0","A52251-46"
"A22992-0","A40158-0"
"A22992-0","A47040"
"A22992-0","A7232-0"
"A22992-0","A9399-0"
"A23033-0","A26507-13"
"A23033-0","A32302-0"
"A23033-0","A39916"
"A23033-0","A43712-1"
"A23033-0","A52246-7"
"A2304-0","A25220"
"A2304-0","A32513-0"
"A2304-0","A41885-0"
"A2304-0","A49338-0"
"A2304-0","A50832-5"
"A2304-0","A50832-6"
"A23091-3","A23875-0-2"
"A23091-3","A38722-0"
"A23091-3","A49680-13"
"A23091-3","A9371-1"
"A2310-0","A31652-0"
"A2310-0","A37951-0"
"A2310-0","A38362-0"
"A2310-0","A52371-0-1"
"A23147-0","A23468-2"
"A23147-0","A41997-0"
"A23147-0","A43715-9"
"A23147-0","A52351-2"
"A23182-0","A35449-0"
"A23182-0","A52481"
"A23182-0","A5822-1"
"A23225-0","A25108-0"
"A23225-0","A34498-0"
"A23225-0","A38236-0"
"A23225-0","A5874-0"
"A23225-0","A7232-0"
"A23225-0","A8598-0"
"A23334-1","A28261-6"
"A23334-1","A52163-1"
"A23421-0","A25208-0"
"A23421-0","A35135-7"
"A23421-0","A44736-0"
"A23421-0","A46559-0"
"A23421-0","A8511-1"
"A23468-2","A41997-0"
"A23468-2","A43715-9"
"A23468-2","A52351-2"
"A23496-0","A27121-0"
"A23496-0","A32399-0"
"A23496-0","A50687-1"
"A23496-0","A5690"
"A23520-2","A24806-0"
"A23520-2","A27219-10"
"A23520-2","A3515-0"
"A23520-2","A35694-0"
"A23520-2","A40370-0"
"A23520-2","A4122-0"
"A23520-2","A47461-1"
"A23520-2","A6715-0"
"A23543-1","A29013-0"
"A23543-1","A29702"
"A23543-1","A50156-0"
"A23543-1","A6726"
"A23601","A41765-0"
"A23601","A50814-1"
"A23601","A5930-0"
"A23690","A26298"
"A23690","A277"
"A23690","A28821-0"
"A23690","A7232-0"
"A23872-1","A28666-0"
"A23872-1","A46350-1"
"A23872-1","A7644-1"
"A23872-6","A49687-11"
"A23872-6","A51813-0-0"
"A23872-6","A52345-1"
"A23872-6","A6744-1"
"A23875-0-2","A38722-0"
"A23875-0-2","A49680-13"
"A23875-0-2","A9371-1"
"A23883-0","A24621-0"
"A23883-0","A32399-0"
"A23883-0","A38985-0"
"A23883-0","A52370-0-2"
"A23885-0-35","A27226-28"
"A23885-0-35","A42467-1"
"A23885-0-35","A43355-0"
"A23885-0-35","A51379-Unknow0"
"A23885-0-35","A52256-14"
"A23885-0-35","A8009-8"
"A23885-0-35","A8021-0-0"
"A23885-0-35","A825-0"
"A23889-9","A45258-1-1"
"A2408-1","A25704-1"
"A2408-1","A29388-0"
"A2408-1","A49673-6-1"
"A2408-1","A49687-36"
"A2408-1","A6395-0"
"A24112-0","A24122-0"
"A24112-0","A27239-0"
"A24112-0","A49218"
"A24112-0","A49491-0"
"A24112-0","A52241-0"
"A24122-0","A27239-0"
"A24122-0","A49218"
"A24122-0","A49491-0"
"A24122-0","A52241-0"
"A24157-0","A4702"
"A24157-0","A49268-0"
"A24253-1","A39800-1"
"A24253-1","A41242"
"A24253-1","A46646-0"
"A24253-1","A52371-0-0"
"A2440","A35830-1"
"A2440","A3967"
"A2440","A41403"
"A2440","A6650"
"A2440","A7892-0"
"A2440","A8006-9-1"
"A24411-1","A26217-1"
"A24411-1","A31218"
"A24565","A30102-0"
"A24565","A30661-0"
"A24565","A33393-0"
"A24565","A45860-4"
"A24573-4","A32824-0"
"A24573-4","A41083-0"
"A24621-0","A32399-0"
"A24621-0","A38985-0"
"A24693-0","A32253-0"
"A24693-0","A45119-0"
"A24693-0","A46195-2"
"A24757-1","A25640-0"
"A24757-1","A2942-0"
"A24757-1","A43982-0"
"A24757-1","A45267-10"
"A24757-1","A51813-0-0"
"A24757-1","A52163-1"
"A24757-1","A52286-3"
"A24757-1","A52345-0-0"
"A24757-1","A6998-1"
"A24806-0","A27219-10"
"A24806-0","A28328-0"
"A24806-0","A3515-0"
"A24806-0","A35694-0"
"A24806-0","A40370-0"
"A24806-0","A4122-0"
"A24806-0","A47461-1"
"A24806-0","A6715-0"
"A24819-0","A27452-0-0"
"A24819-0","A28242-1"
"A24819-0","A30102-0"
"A24819-0","A50814-0"
"A24819-0","A6131-0"
"A2488","A33643"
"A2488","A40950-0"
"A2488","A42051-0"
"A24934-0","A39733-0"
"A24934-0","A44798-0"
"A24934-0","A6629-0"
"A24970","A38675-0"
"A24970","A41367"
"A24970","A50385"
"A24999","A28270-1"
"A24999","A28274-0-1"
"A24999","A49687-0-1"
"A24999","A7232-0"
"A25084","A26300-0"
"A25084","A50459-0"
"A25084","A5688-0"
"A25103","A38729"
"A25103","A52249-Unknow0"
"A25108-0","A32399-0"
"A25108-0","A34498-0"
"A25108-0","A44207-1"
"A25108-0","A8598-0"
"A25148","A27452-49"
"A25148","A45086-20"
"A25208-0","A27027-0-4"
"A25208-0","A27464-1"
"A25208-0","A30282-0"
"A25208-0","A31101-2"
"A25208-0","A35135-7"
"A25208-0","A42659"
"A25208-0","A44736-0"
"A25208-0","A45223-0"
"A25208-0","A45267-0"
"A25208-0","A46559-0"
"A25208-0","A50962-2"
"A25208-0","A52216"
"A25208-0","A52345-0-3"
"A25208-0","A52554-0"
"A25208-0","A8016-17"
"A25208-0","A8468-0"
"A25208-0","A9549-2"
"A25208-0","A8511-1"
"A25220","A32513-0"
"A25220","A41885-0"
"A25220","A49338-0"
"A25220","A50832-5"
"A253-0","A31620-0"
"A253-0","A369-0"
"A253-0","A6699-1"
"A253-0","A6970"
"A25346-0","A46768-0"
"A25346-0","A52567-Unknow0"
"A2538-0","A38761-1"
"A2538-0","A47237-0"
"A25424-0","A3011-0"
"A25424-0","A31306-1"
"A25424-0","A41535-1"
"A25424-0","A43740"
"A25424-0","A8007-5"
"A25424-0","A8009-8"
"A25443","A28821-0"
"A25443","A30050"
"A25443","A40214-0"
"A25443","A44972"
"A25443","A4656-0"
"A25443","A7639-1"
"A25640-0","A43982-0"
"A25640-0","A44546-0"
"A25640-0","A47394-0"
"A25640-0","A51813-0-0"
"A25640-0","A52163-1"
"A25640-0","A52286-3"
"A25704-1","A29388-0"
"A25704-1","A49673-6-1"
"A25704-1","A49687-36"
"A25704-1","A6395-0"
"A25716","A49668-38"
"A25716","A51359-22"
"A25716","A592-0"
"A25723-2","A27450-18"
"A25723-2","A49763-0"
"A25723-2","A51813-0-0"
"A25790-0","A29681"
"A25790-0","A35449-0"
"A25790-0","A40809-0"
"A25811","A32399-0"
"A2593","A27341"
"A2593","A27653"
"A2593","A34416-0"
"A25969","A40233-2"
"A25969","A44854-0"
"A25970","A35532-0"
"A25970","A4397-1"
"A25970","A5576"
"A26134","A50191"
"A26134","A876"
"A26217-1","A31218"
"A26254-2","A39125-0"
"A26254-2","A40381-1"
"A26254-2","A47708-0"
"A26254-2","A50121-0"
"A26254-2","A52639-1"
"A26298","A277"
"A26298","A28821-0"
"A26298","A7232-0"
"A26300-0","A50459-0"
"A26300-0","A5688-0"
"A2631-1","A2800-2"
"A2631-1","A28683"
"A2631-1","A32014-0"
"A2631-1","A52245-Unknow4"
"A2631-1","A52370-Unknow1"
"A2631-1","A9745"
"A26441-0","A26935-0"
"A26441-0","A33901-1"
"A26441-0","A45085-1"
"A26452","A2809-0"
"A26452","A39125-0"
"A26452","A43400-11"
"A26452","A49763-0"
"A26499-1-0","A2752"
"A26499-1-0","A44936"
"A26499-8-0","A32253-0"
"A26499-8-0","A46380-0"
"A26507-13","A32302-0"
"A26507-13","A39916"
"A26507-13","A43712-1"
"A26507-13","A45267-0"
"A26507-13","A52554-0"
"A26507-13","A52246-7"
"A26507-55","A26978-0"
"A26507-55","A42727-1"
"A26507-55","A47311-0"
"A26513-1","A28887-0"
"A26513-1","A28887-1"
"A26513-1","A33448-1"
"A26513-1","A35409-0"
"A26560-1","A4303-0"
"A26560-1","A48293-0"
"A26560-1","A7232-0"
"A26602","A30018-0"
"A26602","A32046-1"
"A26602","A4458"
"A26622-2","A3378-0"
"A26622-2","A588-0"
"A26622-2","A9266"
"A26710-0","A27017-1-2"
"A26710-0","A45894-0"
"A26710-0","A49673-2"
"A26710-0","A52371-0-0"
"A26832","A3785"
"A26832","A41911"
"A26832","A44573-0"
"A26832","A44994-2"
"A26891-0","A37707-0-2"
"A26891-0","A37707-0-3"
"A26891-0","A42586-0"
"A26891-0","A52236-0-0"
"A26891-0","A8015-2"
"A26935-0","A33901-1"
"A26935-0","A45085-1"
"A26935-0","A7305-0"
"A26948-0","A32130-0"
"A26948-0","A38707-0"
"A26948-0","A45976-0"
"A26948-0","A5152-0"
"A26978-0","A42727-1"
"A26978-0","A47311-0"
"A27008-1","A27017-1-2"
"A27008-1","A27922-0"
"A27008-1","A52271-0-0"
"A27008-1","A52373-0-0"
"A27009-Unknow4","A35671-0"
"A27009-Unknow4","A51340-2"
"A27009-Unknow4","A52271-0-0"
"A27010-2","A27047-5"
"A27010-2","A27925-18"
"A27010-2","A49682-0-1"
"A27010-2","A52253-16"
"A27010-2","A8006-2"
"A27012-15","A4976"
"A27012-15","A50950-16"
"A27012-15","A52252-28"
"A27012-15","A6716-0"
"A27013-2","A27025-0-0"
"A27013-2","A27464-95"
"A27013-2","A35143-2"
"A27013-2","A47332-0"
"A27013-2","A49673-2"
"A27013-2","A52382-16"
"A27014-4","A27047-0-0"
"A27014-4","A27462-2"
"A27014-4","A28270-0-2"
"A27014-4","A29233"
"A27014-4","A50948-23"
"A27014-4","A52237-7"
"A27014-4","A52281-3"
"A27014-4","A6744-1"
"A27014-4","A7042-0"
"A27015-7","A35953-1"
"A27015-7","A52253-16"
"A27015-7","A52253-20"
"A27015-7","A52370-0-2"
"A27015-7","A8039-0"
"A27017-1-2","A27022-1"
"A27017-1-2","A27922-0"
"A27017-1-2","A47332-0"
"A27017-1-2","A49673-2"
"A27017-1-2","A52345-0-3"
"A27017-1-2","A52370-0-2"
"A27017-1-2","A52373-0-0"
"A27017-1-2","A52373-3"
"A27017-11","A33553-0"
"A27017-11","A42739-0"
"A27017-11","A42871-1"
"A27017-11","A50943-8-2"
"A27017-14","A38942"
"A27017-Unknow1","A32311-1"
"A27017-Unknow1","A39308-1"
"A27017-Unknow1","A46131-1"
"A27017-Unknow1","A48191-1"
"A27020-1-1","A37707-0-2"
"A27020-1-1","A51788-1-0"
"A27020-1-1","A52241-1-1"
"A27020-1-1","A8006-6"
"A27020-1-1","A800"
"A27021-1","A27443-0-0"
"A27021-1","A27445-23"
"A27021-1","A51788-1-0"
"A27021-1","A51788-1-1"
"A27022-1","A27047-0-0"
"A27022-1","A27463-66"
"A27022-1","A28270-1"
"A27022-1","A35143-2"
"A27022-1","A47332-0"
"A27022-1","A49673-2"
"A27022-1","A49676-0-3"
"A27022-1","A50962-2"
"A27022-1","A52345-0-0"
"A27022-1","A52370-0-2"
"A27022-1","A52373-0-0"
"A27022-1","A52556-0"
"A27022-1","A6737-1"
"A27022-1","A52373-3"
"A27022-1","A52373-0-1"
"A27023-43","A47354-0"
"A27023-43","A51184-2"
"A27023-43","A8006-6"
"A27024-0","A49674-0-3"
"A27024-0","A51187-2"
"A27024-0","A51345-1"
"A27024-0","A52373-0-0"
"A27025-0-0","A27450-43"
"A27025-0-0","A46924-0"
"A27025-0-0","A49668-17"
"A27025-0-0","A51046-0"
"A27025-0-0","A51380-0"
"A27025-0-0","A52373-0-0"
"A27026-72","A27220-0-1"
"A27026-72","A52241-3-2"
"A27026-72","A52256-0-3"
"A27027-0-2","A27238-0-4"
"A27027-0-2","A37334-0"
"A27027-0-2","A40236-0"
"A27027-0-2","A46768-0"
"A27027-0-2","A52371-0-0"
"A27027-0-2","A52373-0-0"
"A27027-0-4","A27464-1"
"A27027-0-4","A30282-0"
"A27027-0-4","A31101-2"
"A27027-0-4","A42659"
"A27027-0-4","A45223-0"
"A27027-0-4","A45267-0"
"A27027-0-4","A50962-2"
"A27027-0-4","A52216"
"A27027-0-4","A52345-0-3"
"A27027-0-4","A52554-0"
"A27027-0-4","A8016-17"
"A27027-0-4","A8468-0"
"A27027-0-4","A9549-2"
"A27027-118","A27237-0"
"A27027-118","A36252-0"
"A27027-118","A39926"
"A27027-118","A42826-1"
"A27027-118","A52370-0-2"
"A27027-118","A52656"
"A27027-118","A52657"
"A27027-118","A8020-Unknow1"
"A27027-Unknow6","A27237-Unknow2"
"A27027-Unknow6","A42723-Unknow0"
"A27027-Unknow6","A52370-0-2"
"A27028-23","A30084-0"
"A27028-23","A6830"
"A27028-23","A8623-0"
"A27028-23","A9410"
"A27034-2","A27224-3"
"A27034-2","A28270-1"
"A27043","A29203-0"
"A27043","A34558"
"A27043","A46933-0"
"A27043","A49687-Unknow7"
"A27043","A52163-1"
"A27043","A5917"
"A27045-0","A27110-0"
"A27045-0","A28821-0"
"A27045-0","A35416-5"
"A27045-0","A42826-Unknow0"
"A27045-0","A43981-4"
"A27045-0","A45066-0"
"A27045-0","A51352-4"
"A27045-0","A51788-1-0"
"A27045-0","A52370-0-2"
"A27045-0","A7232-0"
"A27045-0","A8047-4-0"
"A27045-5","A31630"
"A27045-5","A35694-0"
"A27045-5","A4122-0"
"A27045-5","A8729-0"
"A27047-0-0","A27463-66"
"A27047-0-0","A28270-0-2"
"A27047-0-0","A40158-0"
"A27047-0-0","A46618-0"
"A27047-0-0","A47332-0"
"A27047-0-0","A49635-1"
"A27047-0-0","A49676-5-2"
"A27047-0-0","A49682-0-1"
"A27047-0-0","A50948-23"
"A27047-0-0","A52254-4"
"A27047-0-0","A52358-0-4"
"A27047-0-0","A7232-0"
"A27047-0-0","A52555-2"
"A27047-5","A28270-1"
"A27047-5","A37738-1"
"A27047-5","A49676-5-2"
"A27047-5","A49682-0-1"
"A27047-5","A50948-23"
"A27047-5","A51187-0"
"A27047-5","A52254-4"
"A27047-5","A7232-0"
"A27047-5","A8006-2"
"A27047-5","A52555-2"
"A27049-3","A27296-1"
"A27049-3","A33558-0"
"A27049-3","A8020-39"
"A27049-5","A2920-0"
"A27049-5","A33553-0"
"A27049-5","A33558-0"
"A27049-5","A8020-82"
"A27050-2","A28274-0-3"
"A27050-2","A44402"
"A27050-2","A49944-2"
"A27050-2","A7232-0"
"A27050-2","A7892-0"
"A27055-0","A31370-0"
"A27055-0","A32253-0"
"A27055-0","A51828-1"
"A27110-0","A42826-Unknow0"
"A27110-0","A45066-0"
"A27110-0","A52370-0-2"
"A27121-0","A32399-0"
"A27121-0","A50687-1"
"A27121-0","A5690"
"A27219-0-1","A32930"
"A27219-0-1","A3781"
"A27219-0-1","A4256-0"
"A27219-0-1","A4261-1"
"A27219-10","A3515-0"
"A27219-10","A35694-0"
"A27219-10","A40370-0"
"A27219-10","A4122-0"
"A27219-10","A47461-1"
"A27219-10","A6715-0"
"A27220-0-0","A33763-0"
"A27220-0-0","A45267-0"
"A27220-0-0","A45957-0"
"A27220-0-0","A49935-0"
"A27220-0-0","A5079-0"
"A27220-0-0","A51589-0"
"A27220-0-0","A51607-0"
"A27220-0-0","A52163-1"
"A27220-0-1","A52241-3-2"
"A27220-0-1","A52256-0-3"
"A27224-3","A52358-0-4"
"A27224-3","A8007-0-1"
"A27224-4-1","A41419-0"
"A27224-4-1","A42967"
"A27224-4-1","A47562-0"
"A27224-4-1","A51801-0"
"A27224-4-1","A52311-1"
"A27226-28","A42467-1"
"A27226-28","A51379-Unknow0"
"A27226-28","A8009-8"
"A27237-0","A36252-0"
"A27237-0","A39926"
"A27237-0","A42826-1"
"A27237-0","A52370-0-2"
"A27237-0","A52656"
"A27237-0","A52657"
"A27237-0","A8020-Unknow1"
"A27237-Unknow2","A29388-1"
"A27237-Unknow2","A42723-Unknow0"
"A27237-Unknow2","A52370-0-2"
"A27238-0-4","A27426-0"
"A27238-0-4","A27655-0"
"A27238-0-4","A31119-0"
"A27238-0-4","A32311-1"
"A27238-0-4","A32824-0"
"A27238-0-4","A36602-0"
"A27238-0-4","A37334-0"
"A27238-0-4","A39308-0"
"A27238-0-4","A39864-0"
"A27238-0-4","A46380-0"
"A27238-0-4","A49678-0-1"
"A27238-0-4","A50063-0"
"A27238-0-4","A7232-0"
"A27238-0-4","A49676-0-2"
"A27239-0","A49218"
"A27239-0","A49491-0"
"A27239-0","A51813-0-0"
"A27239-0","A52241-0"
"A27239-0","A6131-0"
"A27271-1","A40057-0"
"A27271-1","A43367-2"
"A27271-1","A44017-0"
"A27296-0","A29314-0"
"A27296-0","A37738-1"
"A27296-0","A38480-3"
"A27296-0","A49674-94"
"A27296-0","A50337"
"A27296-0","A51024-1"
"A27296-0","A51348-Unknow1"
"A27296-0","A52249-22"
"A27296-0","A6062"
"A27296-0","A8015-1-0"
"A27296-1","A33558-0"
"A27296-1","A8020-39"
"A27341","A27653"
"A27341","A34416-0"
"A27354-0","A28887-0"
"A27354-0","A48293-0"
"A27354-0","A7232-0"
"A27377-0","A27380-0"
"A27377-0","A28821-0"
"A27377-0","A40270-3"
"A27377-0","A43430-0"
"A27380-0","A28821-0"
"A27380-0","A40270-3"
"A27380-0","A43430-0"
"A27380-0","A8009-8"
"A27380-0","A43430-1"
"A27426-0","A27655-0"
"A27426-0","A28764-0"
"A27426-0","A37978-0"
"A27426-0","A39995-0"
"A27426-0","A32968-1"
"A27443-0-0","A27445-23"
"A27443-0-0","A51788-1-0"
"A27443-0-0","A52256-14"
"A27443-0-0","A825-0"
"A27443-0-0","A51788-1-1"
"A27445-23","A51788-1-0"
"A27445-23","A51788-1-1"
"A27446-2","A37334-0"
"A27446-2","A52311-1"
"A27446-2","A6744-2"
"A27448-7","A35117-0"
"A27448-7","A3515-0"
"A27448-7","A35492"
"A27448-7","A35694-0"
"A27448-7","A40370-2"
"A27448-7","A4122-0"
"A27448-7","A49597-0"
"A27448-7","A6715-0"
"A27450-18","A27912-18"
"A27450-18","A33558-0"
"A27450-18","A3449-0"
"A27450-18","A49763-0"
"A27450-18","A51813-0-0"
"A27450-18","A52356-0-1"
"A27450-18","A52556-0"
"A27450-18","A6716-0"
"A27450-18","A52384-11"
"A27450-18","A8030-1-6"
"A27450-43","A49668-17"
"A27450-43","A51380-0"
"A27452-0-0","A28242-1"
"A27452-0-0","A46630-0"
"A27452-0-0","A49935-0"
"A27452-0-0","A50814-0"
"A27452-0-0","A51813-0-0"
"A27452-0-0","A52252-28"
"A27452-0-0","A6744-2"
"A27452-49","A51154-0"
"A27452-49","A51607-0"
"A27452-49","A45086-20"
"A27460-25","A38738"
"A27460-25","A42347-0"
"A27460-25","A45174-3"
"A27460-25","A45400-1"
"A27460-33","A34125-0"
"A27460-33","A47382-0"
"A27461-4","A49676-36"
"A27461-4","A52251-46"
"A27462-2","A42592-2"
"A27462-2","A52345-1"
"A27462-2","A6744-1"
"A27463-66","A47332-0"
"A27463-66","A49676-5-2"
"A27463-66","A7232-0"
"A27464-1","A29388-0"
"A27464-1","A29388-1"
"A27464-1","A30282-0"
"A27464-1","A31101-2"
"A27464-1","A37700-1"
"A27464-1","A42659"
"A27464-1","A42738-1"
"A27464-1","A45223-0"
"A27464-1","A45267-0"
"A27464-1","A46800"
"A27464-1","A50962-2"
"A27464-1","A52216"
"A27464-1","A52241-0"
"A27464-1","A52345-0-3"
"A27464-1","A52370-0-2"
"A27464-1","A52371-0-0"
"A27464-1","A52554-0"
"A27464-1","A8016-17"
"A27464-1","A8468-0"
"A27464-1","A9549-2"
"A27464-1","A8030-1-6"
"A27464-95","A35143-2"
"A27464-95","A49673-2"
"A27464-95","A52382-16"
"A2752","A44936"
"A27601-0","A31109-0"
"A27601-0","A38541-0"
"A27601-0","A38730"
"A27601-0","A46240-0"
"A2762","A35173"
"A2762","A50218-0"
"A27653","A34416-0"
"A27655-0","A31916"
"A27655-0","A52286-2-0"
"A27655-0","A8518-2"
"A27664-0","A51360-6"
"A27664-0","A6487-1"
"A27664-0","A9661-1"
"A277","A28821-0"
"A277","A7232-0"
"A27757-0","A39739-0"
"A27757-0","A43662-0"
"A27757-0","A44313"
"A27757-0","A52244-15"
"A27812-1","A46803-0"
"A27812-1","A50957-0"
"A27812-1","A51350-2"
"A27812-1","A7305-0"
"A27865-0","A40158-0"
"A27865-0","A46618-0"
"A27865-0","A51070-0"
"A27879-0","A28275-4"
"A27879-0","A52237-0-1"
"A27879-0","A52345-1"
"A27879-0","A6131-0"
"A27879-0","A6744-1"
"A27912-18","A3449-0"
"A27912-18","A52384-11"
"A27912-18","A8030-1-6"
"A27922-0","A28270-0-2"
"A27922-0","A43982-0"
"A27922-0","A47394-0"
"A27922-0","A51607-0"
"A27922-0","A52241-0"
"A27922-0","A52358-0-4"
"A27922-0","A6737-1"
"A27925-18","A45269-14"
"A27925-18","A52253-16"
"A27925-18","A8006-2"
"A27955-0","A33227-0"
"A27955-0","A49680-Unknow0"
"A27955-0","A50156-0"
"A27955-0","A50853-0"
"A27955-0","A51871-0"
"A27955-0","A7118"
"A27955-0","A7270-0"
"A27955-0","A8009-24"
"A27955-0","A7759-Unknow0"
"A2800-2","A28671-2"
"A2800-2","A28683"
"A2800-2","A29518-0"
"A2800-2","A32014-0"
"A2800-2","A33475-0"
"A2800-2","A38293-1"
"A2800-2","A4420-0"
"A2800-2","A44760-0"
"A2800-2","A52245-Unknow4"
"A2800-2","A52348-1"
"A2800-2","A52370-Unknow1"
"A2800-2","A7232-0"
"A2800-2","A45795-0"
"A2800-2","A9745"
"A2809-0","A39125-0"
"A2809-0","A43400-11"
"A2809-0","A49763-0"
"A28112-0-2","A37601-0"
"A28112-0-2","A52486-0"
"A28112-0-2","A6716-0"
"A28112-0-2","A9399-0"
"A28125-0","A32014-0"
"A28125-0","A47571-0"
"A28125-0","A49678-0-1"
"A28125-0","A7232-0"
"A28125-0","A7798-0"
"A28136","A35485"
"A28136","A46546-5"
"A28136","A6091-0"
"A28136","A9157"
"A28242-1","A30241-1"
"A28242-1","A30553"
"A28242-1","A36602-0"
"A28242-1","A48575"
"A28258-6","A49688-25"
"A28258-6","A50943-13"
"A28261-6","A52163-1"
"A28270-0-2","A43982-0"
"A28270-0-2","A52237-7"
"A28270-0-2","A52249-0"
"A28270-0-2","A52251-0"
"A28270-1","A28274-0-1"
"A28270-1","A43980-0"
"A28270-1","A47332-0"
"A28270-1","A49687-0-1"
"A28270-1","A7232-0"
"A28273-0-0","A32249-1"
"A28273-0-0","A39171"
"A28273-0-0","A49428-0"
"A28273-0-0","A49681-6"
"A28274-0-1","A49687-0-1"
"A28274-0-1","A49687-7"
"A28274-0-1","A7232-0"
"A28274-0-2","A28671-0"
"A28274-0-2","A49687-7"
"A28274-0-2","A49944-2"
"A28274-0-2","A51554-0"
"A28274-0-2","A7232-0"
"A28274-0-2","A52373-3"
"A28274-0-3","A43434-0"
"A28274-0-3","A44402"
"A28274-0-3","A49944-2"
"A28274-0-3","A52254-4"
"A28274-0-3","A7232-0"
"A28274-0-3","A7892-0"
"A28274-1","A47394-0"
"A28274-1","A49678-0-1"
"A28274-1","A8226-0"
"A28275-4","A38773-0"
"A28275-4","A43662-0"
"A28275-4","A52345-1"
"A28275-4","A6744-1"
"A28328-0","A32351-0"
"A28328-0","A39782-0"
"A28638-0","A32404"
"A28638-0","A44832-0"
"A28638-0","A7035-0"
"A28666-0","A35487-0"
"A28666-0","A46350-1"
"A28666-0","A43430-1"
"A28666-0","A7644-1"
"A28671-0","A28887-1"
"A28671-0","A7232-0"
"A28671-0","A7892-0"
"A28671-1","A28821-0"
"A28671-1","A51200"
"A28671-1","A6999-11"
"A28671-1","A7232-0"
"A28671-2","A28887-1"
"A28671-2","A29518-0"
"A28671-2","A51788-11"
"A28671-2","A52348-1"
"A28671-2","A7232-0"
"A28683","A32014-0"
"A28683","A52245-Unknow4"
"A28683","A52370-Unknow1"
"A28683","A9745"
"A28744","A37978-0"
"A28744","A41492-0"
"A28744","A52240-12"
"A28744","A8255"
"A28744","A8796-2"
"A28763","A49678-0-1"
"A28763","A49682-0-2"
"A28763","A6289"
"A28764-0","A32968-1"
"A28821-0","A30050"
"A28821-0","A32302-0"
"A28821-0","A35608-0"
"A28821-0","A40214-0"
"A28821-0","A40270-3"
"A28821-0","A41112-1"
"A28821-0","A43430-0"
"A28821-0","A43434-0"
"A28821-0","A4455-6"
"A28821-0","A44972"
"A28821-0","A4656-0"
"A28821-0","A51200"
"A28821-0","A6999-11"
"A28821-0","A7232-0"
"A28821-0","A7639-1"
"A28887-0","A29510-0"
"A28887-0","A33448-1"
"A28887-0","A35409-0"
"A28887-0","A7232-0"
"A28887-1","A29510-0"
"A28887-1","A33448-1"
"A28887-1","A35409-0"
"A28887-1","A44207-1"
"A28887-1","A51788-11"
"A28887-1","A7232-0"
"A28887-1","A7892-0"
"A28919-1","A35756-1"
"A28919-1","A49683-14"
"A28926-0","A4350-0"
"A28926-0","A49985"
"A28927-0","A40585-1"
"A28927-0","A42727-1"
"A28927-0","A52150"
"A28927-0","A52274-0"
"A28927-0","A6131-0"
"A29013-0","A29702"
"A29013-0","A50156-0"
"A29013-0","A6726"
"A2920-0","A33553-0"
"A2920-0","A33558-0"
"A2920-0","A8020-82"
"A29203-0","A34558"
"A29203-0","A37878-0"
"A29203-0","A46933-0"
"A29203-0","A49687-7"
"A29203-0","A49687-Unknow7"
"A29203-0","A52163-1"
"A29203-0","A8004-11"
"A29203-0","A5917"
"A29203-0","A8016-7"
"A29233","A52281-3"
"A29233","A6744-1"
"A29233","A7042-0"
"A29272-0","A36602-0"
"A29272-0","A39266-0"
"A29272-0","A39899-0"
"A29272-0","A46759-0"
"A29314-0","A38480-3"
"A29314-0","A51348-Unknow1"
"A29314-0","A8015-1-0"
"A29377-0","A30181"
"A29377-0","A3180"
"A29377-0","A37922-0"
"A29377-0","A50832-6"
"A29388-0","A46800"
"A29388-0","A49673-6-1"
"A29388-0","A49687-36"
"A29388-0","A6395-0"
"A29388-1","A37700-1"
"A29388-1","A46800"
"A29388-1","A52241-0"
"A29388-1","A52370-0-2"
"A2942-0","A32824-0"
"A2942-0","A43982-0"
"A2942-0","A50851-0"
"A29510-0","A33448-1"
"A29510-0","A44207-1"
"A29518-0","A52348-1"
"A29518-0","A7232-0"
"A2962-0","A46525-0"
"A2962-0","A50156-0"
"A2962-0","A8019-53"
"A29681","A35449-0"
"A29681","A40809-0"
"A29685","A35041-1"
"A29685","A49554-4"
"A29685","A49686-13"
"A29685","A50851-0"
"A29702","A50156-0"
"A29702","A6726"
"A29788","A30947-0"
"A29788","A40158-0"
"A29788","A50836-0"
"A29788","A52359-3"
"A29865","A42682"
"A29865","A49687-7"
"A29865","A52163-1"
"A29865","A8004-11"
"A30010","A32480-0"
"A30010","A46380-0"
"A30010","A51820-0-1"
"A30017","A35589-1"
"A30017","A43446-0"
"A30017","A45119-0"
"A30017","A50017-0"
"A30018-0","A32046-1"
"A30018-0","A4458"
"A30050","A40214-0"
"A30050","A44972"
"A30050","A4656-0"
"A30050","A7639-1"
"A30084-0","A6830"
"A30084-0","A8623-0"
"A30084-0","A9410"
"A30102-0","A30661-0"
"A30102-0","A33393-0"
"A30102-0","A45860-4"
"A3011-0","A31306-1"
"A3011-0","A41535-1"
"A3011-0","A43740"
"A3011-0","A50059-0"
"A3011-0","A5341-0"
"A3011-0","A8007-5"
"A3011-0","A8009-8"
"A30181","A3180"
"A30181","A37922-0"
"A30181","A50832-6"
"A30226","A38645-0"
"A30226","A50230"
"A30241-1","A30553"
"A30241-1","A36602-0"
"A30241-1","A48575"
"A30282-0","A31101-2"
"A30282-0","A42659"
"A30282-0","A45223-0"
"A30282-0","A45267-0"
"A30282-0","A50962-2"
"A30282-0","A52216"
"A30282-0","A52345-0-3"
"A30282-0","A52554-0"
"A30282-0","A8016-17"
"A30282-0","A8468-0"
"A30282-0","A9549-2"
"A30553","A36602-0"
"A30553","A48575"
"A30572","A31073"
"A30572","A43043-1"
"A30572","A46131-1"
"A30661-0","A33393-0"
"A30661-0","A45860-4"
"A30664-0","A39266-0"
"A30664-0","A39899-0"
"A30664-0","A46759-0"
"A30664-0","A7305-0"
"A30932-0","A31798"
"A30932-0","A37823"
"A30932-0","A38645-0"
"A30932-0","A40196"
"A30932-0","A44854-0"
"A30932-0","A46651"
"A30932-0","A50090"
"A30932-0","A5304"
"A30947-0","A50836-0"
"A30947-0","A52359-3"
"A31073","A43043-1"
"A31073","A46131-1"
"A31101-2","A42659"
"A31101-2","A45223-0"
"A31101-2","A45267-0"
"A31101-2","A50962-2"
"A31101-2","A52216"
"A31101-2","A52345-0-3"
"A31101-2","A52554-0"
"A31101-2","A8016-17"
"A31101-2","A8468-0"
"A31101-2","A9549-2"
"A31109-0","A38541-0"
"A31109-0","A38730"
"A31109-0","A46240-0"
"A31109-4","A39002-0"
"A31109-4","A39308-1"
"A31109-4","A45453-1"
"A31119-0","A39864-0"
"A31119-0","A46380-0"
"A31119-0","A49676-0-2"
"A31306-1","A41535-1"
"A31306-1","A43740"
"A31306-1","A8007-5"
"A31306-1","A8009-8"
"A31370-0","A32253-0"
"A31370-0","A51828-1"
"A31620-0","A369-0"
"A31620-0","A6699-1"
"A31620-0","A8598-0"
"A31620-0","A6970"
"A31630","A35694-0"
"A31630","A4122-0"
"A31630","A8729-0"
"A31652-0","A37951-0"
"A31652-0","A38362-0"
"A31652-0","A52371-0-1"
"A31798","A38645-0"
"A31798","A40196"
"A31798","A44854-0"
"A31798","A46651"
"A31798","A5304"
"A3180","A37922-0"
"A3180","A50832-6"
"A31916","A52286-2-0"
"A31916","A8518-2"
"A32014-0","A33475-0"
"A32014-0","A40236-0"
"A32014-0","A47571-0"
"A32014-0","A48486-0"
"A32014-0","A49678-0-1"
"A32014-0","A52245-Unknow4"
"A32014-0","A52370-Unknow1"
"A32014-0","A6134-0"
"A32014-0","A7232-0"
"A32014-0","A9310-0"
"A32014-0","A7798-0"
"A32014-0","A45795-0"
"A32014-0","A9745"
"A32046-1","A4458"
"A32130-0","A38707-0"
"A32130-0","A45976-0"
"A32130-0","A5152-0"
"A32246-0","A49674-0-3"
"A32246-0","A50962-2"
"A32246-0","A51377-0"
"A32246-0","A8226-0"
"A32249-1","A39171"
"A32249-1","A49428-0"
"A32249-1","A49681-6"
"A32253-0","A36983-0"
"A32253-0","A44994-0"
"A32253-0","A45119-0"
"A32253-0","A46380-0"
"A32253-0","A51168-1"
"A32253-0","A46195-2"
"A32253-0","A47237-0"
"A32253-0","A51820-0-0"
"A32253-0","A51828-1"
"A32257-0","A48293-0"
"A32257-0","A49934-3"
"A32257-0","A7232-0"
"A32257-0","A7892-0"
"A32302-0","A39916"
"A32302-0","A43434-0"
"A32302-0","A43712-1"
"A32302-0","A7232-0"
"A32302-0","A52246-7"
"A32311-1","A36602-0"
"A32311-1","A39308-1"
"A32311-1","A46131-1"
"A32311-1","A48191-1"
"A32347-0","A49674-0-3"
"A32347-0","A51377-0"
"A32347-0","A8226-0"
"A32351-0","A35449-0"
"A32351-0","A36983-0"
"A32351-0","A39266-0"
"A32351-0","A39899-0"
"A32351-0","A40980-0"
"A32351-0","A44994-0"
"A32351-0","A46380-0"
"A32351-0","A49493-0"
"A32351-0","A51168-1"
"A32351-0","A39782-0"
"A32367-0","A39936-0"
"A32367-0","A41567-0"
"A32367-0","A8021-0-0"
"A32367-0","A9973-0"
"A32399-0","A50687-1"
"A32399-0","A8598-0"
"A32399-0","A5690"
"A32404","A44832-0"
"A32404","A7035-0"
"A32480-0","A46380-0"
"A32480-0","A51820-0-1"
"A32513-0","A41885-0"
"A32513-0","A49338-0"
"A32513-0","A50832-5"
"A32517","A52274-Unknow0"
"A32517","A8020-Unknow3"
"A32517","A8043-10"
"A32824-0","A39308-0"
"A32824-0","A52371-0-0"
"A32824-0","A41083-0"
"A32930","A3781"
"A32930","A4256-0"
"A32930","A4261-1"
"A33061-0","A33751-0"
"A33061-0","A4469-0"
"A33227-0","A49680-Unknow0"
"A33227-0","A50156-0"
"A33227-0","A7270-0"
"A33227-0","A7759-Unknow0"
"A33378","A43703-17"
"A33378","A44548-0"
"A33393-0","A45860-4"
"A33448-1","A35409-0"
"A33448-1","A44207-1"
"A33475-0","A49557-0"
"A33475-0","A45795-0"
"A33553-0","A33558-0"
"A33553-0","A37707-0-2"
"A33553-0","A42739-0"
"A33553-0","A42871-1"
"A33553-0","A49677-0-0"
"A33553-0","A6733-0"
"A33553-0","A50943-8-2"
"A33553-0","A8020-0-9"
"A33553-0","A8020-82"
"A33558-0","A49682-42"
"A33558-0","A50948-3"
"A33558-0","A7232-0"
"A33558-0","A8020-39"
"A33558-0","A8020-82"
"A33643","A40950-0"
"A33643","A42051-0"
"A33751-0","A4469-0"
"A33763-0","A45957-0"
"A33763-0","A5079-0"
"A33763-0","A52163-1"
"A3378-0","A588-0"
"A3378-0","A9266"
"A33901-1","A45085-1"
"A34125-0","A47382-0"
"A34416-0","A44798-0"
"A3449-0","A52384-11"
"A34498-0","A38236-0"
"A34498-0","A5874-0"
"A34498-0","A8598-0"
"A34558","A46933-0"
"A34558","A49687-Unknow7"
"A34558","A52163-1"
"A34558","A5917"
"A34958","A36491"
"A34958","A39308-0"
"A34958","A51744-5"
"A35016","A44456-1"
"A35041-1","A49554-4"
"A35041-1","A49686-13"
"A35041-1","A50851-0"
"A35117-0","A3515-0"
"A35117-0","A35492"
"A35117-0","A35694-0"
"A35117-0","A40370-2"
"A35117-0","A4122-0"
"A35117-0","A49597-0"
"A35117-0","A6715-0"
"A35135-7","A44736-0"
"A35135-7","A46559-0"
"A35135-7","A8511-1"
"A35143-2","A49673-2"
"A35143-2","A52382-16"
"A35144-8","A46639-8"
"A35144-8","A49686-86"
"A35144-8","A52241-5"
"A3515-0","A35492"
"A3515-0","A35694-0"
"A3515-0","A40370-0"
"A3515-0","A40370-2"
"A3515-0","A4122-0"
"A3515-0","A47461-1"
"A3515-0","A49597-0"
"A3515-0","A6715-0"
"A35173","A50218-0"
"A35409-0","A49674-0-3"
"A35409-0","A51187-0"
"A35409-0","A51349-1"
"A35409-0","A51788-11"
"A35416-5","A43981-4"
"A35416-5","A51352-4"
"A35416-5","A8047-4-0"
"A35449-0","A39266-0"
"A35449-0","A39899-0"
"A35449-0","A52481"
"A35449-0","A9399-0"
"A35449-0","A40809-0"
"A35449-0","A5822-1"
"A3548","A38646-0"
"A3548","A51825-0"
"A3548","A52486-0"
"A3548","A6716-0"
"A3548","A9399-0"
"A35485","A46546-5"
"A35485","A6091-0"
"A35485","A9157"
"A35487-0","A37978-0"
"A35487-0","A41492-0"
"A35487-0","A51085-0"
"A35492","A35694-0"
"A35492","A40370-2"
"A35492","A4122-0"
"A35492","A49597-0"
"A35492","A6715-0"
"A35532-0","A4397-1"
"A35532-0","A5576"
"A35589-1","A43446-0"
"A35589-1","A45119-0"
"A35589-1","A50017-0"
"A35608-0","A36602-0"
"A35608-0","A41112-1"
"A35608-0","A4455-6"
"A35608-0","A7232-0"
"A35608-0","A7639-1"
"A35671-0","A37334-0"
"A35671-0","A46646-0"
"A35671-0","A51340-2"
"A35671-0","A52271-0-0"
"A35694-0","A40370-0"
"A35694-0","A40370-2"
"A35694-0","A4122-0"
"A35694-0","A47461-1"
"A35694-0","A49597-0"
"A35694-0","A6715-0"
"A35694-0","A8729-0"
"A35756-1","A49683-14"
"A35830-1","A3967"
"A35830-1","A41403"
"A35830-1","A6650"
"A35830-1","A7892-0"
"A35830-1","A8006-9-1"
"A35953-1","A51802-5"
"A35953-1","A52373-0-0"
"A35953-1","A592-0"
"A35953-1","A8039-0"
"A35953-1","A52373-3"
"A35956-0","A51386-1"
"A35956-0","A8015-2"
"A35956-0","A8039-0"
"A36252-0","A39926"
"A36252-0","A42826-1"
"A36252-0","A52241-5"
"A36252-0","A52370-0-2"
"A36252-0","A52656"
"A36252-0","A52657"
"A36491","A39308-0"
"A36491","A51744-5"
"A36602-0","A39266-0"
"A36602-0","A39899-0"
"A36602-0","A39995-0"
"A36602-0","A4455-6"
"A36602-0","A48575"
"A369-0","A6699-1"
"A369-0","A8598-0"
"A369-0","A6970"
"A36983-0","A41997-0"
"A36983-0","A44994-0"
"A36983-0","A7270-0"
"A37334-0","A52311-1"
"A37601-0","A52486-0"
"A37601-0","A6716-0"
"A37601-0","A9399-0"
"A37700-1","A46800"
"A37700-1","A52241-0"
"A37707-0-2","A42586-0"
"A37707-0-2","A42739-0"
"A37707-0-2","A45894-0"
"A37707-0-2","A51788-1-0"
"A37707-0-2","A52236-0-0"
"A37707-0-2","A52241-1-1"
"A37707-0-2","A8015-2"
"A37707-0-2","A800"
"A37707-0-2","A8036-17"
"A37707-0-3","A49677-0-0"
"A37707-0-3","A52236-0-0"
"A37707-0-3","A8015-2"
"A37738-1","A42738-1"
"A37738-1","A43980-0"
"A37738-1","A49676-0-3"
"A37738-1","A49676-5-2"
"A37738-1","A51187-0"
"A37738-1","A51554-0"
"A37738-1","A52346-5"
"A3781","A4256-0"
"A3781","A4261-1"
"A37823","A44854-0"
"A37823","A50090"
"A3785","A41911"
"A3785","A44573-0"
"A3785","A44994-2"
"A37878-0","A4350-0"
"A37878-0","A47394-0"
"A37878-0","A49687-7"
"A37922-0","A50832-6"
"A37951-0","A38362-0"
"A37951-0","A52371-0-1"
"A37978-0","A38722-0"
"A37978-0","A41492-0"
"A37978-0","A41760-1"
"A37978-0","A52240-12"
"A37978-0","A8255"
"A37978-0","A51085-0"
"A37978-0","A8621-2"
"A37978-0","A8796-2"
"A38236-0","A5874-0"
"A38236-0","A8598-0"
"A38293-1","A4420-0"
"A38362-0","A52371-0-1"
"A38480-3","A51348-Unknow1"
"A38480-3","A8015-1-0"
"A38541-0","A38730"
"A38541-0","A46240-0"
"A38645-0","A40196"
"A38645-0","A41934-2"
"A38645-0","A44854-0"
"A38645-0","A45267-10"
"A38645-0","A46651"
"A38645-0","A49673-0"
"A38645-0","A6744-1"
"A38645-0","A50230"
"A38645-0","A5304"
"A38646-0","A51825-0"
"A38646-0","A52486-0"
"A38646-0","A6716-0"
"A38646-0","A9399-0"
"A38675-0","A41367"
"A38675-0","A50385"
"A38707-0","A45976-0"
"A38707-0","A5152-0"
"A38722-0","A49680-13"
"A38722-0","A9371-1"
"A38729","A52249-Unknow0"
"A38730","A46240-0"
"A38738","A42347-0"
"A38738","A45174-3"
"A38738","A45400-1"
"A38761-1","A47237-0"
"A38773-0","A52237-7"
"A38773-0","A52271-0-0"
"A38773-0","A52345-1"
"A38985-0","A47708-0"
"A38985-0","A52639-1"
"A39001-0","A44671-0"
"A39002-0","A39308-0"
"A39002-0","A39308-1"
"A39002-0","A48453-0"
"A39002-0","A52357-0-1"
"A39002-0","A45453-1"
"A39125-0","A40381-1"
"A39125-0","A43400-11"
"A39125-0","A46646-2"
"A39125-0","A49763-0"
"A39171","A49428-0"
"A39171","A49681-6"
"A39266-0","A39899-0"
"A39266-0","A46759-0"
"A39266-0","A7035-0"
"A39266-0","A7305-0"
"A39308-0","A39864-0"
"A39308-0","A39864-1"
"A39308-0","A41419-0"
"A39308-0","A46131-0"
"A39308-0","A48453-0"
"A39308-0","A48491-0"
"A39308-0","A49682-0-1"
"A39308-0","A49763-0"
"A39308-0","A7232-0"
"A39308-0","A51744-5"
"A39308-1","A39864-1"
"A39308-1","A46131-1"
"A39308-1","A48191-1"
"A39308-1","A48453-0"
"A39308-1","A45453-1"
"A39374-0","A39739-0"
"A39374-0","A41205-0"
"A39374-0","A43227-0"
"A39471-0","A47637-1"
"A39471-0","A49763-0"
"A39471-0","A6644"
"A3967","A41403"
"A3967","A6650"
"A3967","A7892-0"
"A3967","A8006-9-1"
"A39733-0","A44798-0"
"A39733-0","A6629-0"
"A39739-0","A41205-0"
"A39739-0","A43227-0"
"A39739-0","A43662-0"
"A39739-0","A44313"
"A39739-0","A46240-0"
"A39739-0","A52244-15"
"A39739-0","A52031-0"
"A39800-1","A41242"
"A39800-1","A46646-0"
"A39800-1","A52371-0-0"
"A39864-0","A41419-0"
"A39864-0","A41567-0"
"A39864-0","A46380-0"
"A39864-0","A49676-0-2"
"A39864-1","A46131-0"
"A39864-1","A48491-0"
"A39916","A43712-1"
"A39916","A52246-7"
"A39926","A42826-1"
"A39926","A52370-0-2"
"A39926","A52656"
"A39926","A52657"
"A39936-0","A41567-0"
"A39936-0","A52371-0-1"
"A39936-0","A8021-0-0"
"A39936-0","A9973-0"
"A40057-0","A43367-2"
"A40057-0","A44017-0"
"A40158-0","A46618-0"
"A40158-0","A47040"
"A40158-0","A51801-0"
"A40158-0","A7232-0"
"A40158-0","A8598-0"
"A40158-0","A51070-0"
"A40158-0","A9399-0"
"A40196","A44854-0"
"A40196","A46651"
"A40196","A5304"
"A40214-0","A44972"
"A40214-0","A4656-0"
"A40214-0","A7639-1"
"A40233-2","A44854-0"
"A40236-0","A9310-0"
"A40270-3","A43430-0"
"A40370-0","A4122-0"
"A40370-0","A47461-1"
"A40370-0","A6715-0"
"A40370-2","A4122-0"
"A40370-2","A49597-0"
"A40370-2","A6715-0"
"A40381-1","A47708-0"
"A40381-1","A50121-0"
"A40381-1","A52639-1"
"A40435-1","A44916"
"A40435-1","A48505-0"
"A40435-1","A49203"
"A40435-1","A6084-0"
"A40585-1","A42727-1"
"A40585-1","A52150"
"A40585-1","A52274-0"
"A40585-1","A6131-0"
"A40834-1","A48042-0"
"A40834-1","A51977-0"
"A40950-0","A42051-0"
"A40980-0","A4122-0"
"A40980-0","A44994-0"
"A41112-1","A7232-0"
"A41112-1","A7639-1"
"A41205-0","A43227-0"
"A4122-0","A41997-0"
"A4122-0","A47461-1"
"A4122-0","A49597-0"
"A4122-0","A6715-0"
"A4122-0","A8729-0"
"A41242","A46646-0"
"A41242","A52371-0-0"
"A41352","A47330-2"
"A41352","A50063-0"
"A41367","A50385"
"A41403","A6650"
"A41403","A7892-0"
"A41403","A8006-9-1"
"A41419-0","A45860-7"
"A41492-0","A52240-12"
"A41492-0","A8255"
"A41492-0","A51085-0"
"A41492-0","A8796-2"
"A41535-1","A43740"
"A41535-1","A8007-5"
"A41535-1","A8009-8"
"A41567-0","A8021-0-0"
"A41567-0","A9973-0"
"A41628","A52163-1"
"A41628","A606"
"A41628","A8013-8"
"A4165-0","A52244-15"
"A4165-0","A52274-2"
"A4165-0","A6131-0"
"A4165-0","A6372-0"
"A41760-1","A8621-2"
"A41765-0","A4186"
"A41765-0","A50814-1"
"A41765-0","A5410-0"
"A41765-0","A5930-0"
"A4186","A5410-0"
"A41885-0","A49338-0"
"A41885-0","A50832-5"
"A41911","A44573-0"
"A41911","A44994-2"
"A41934-2","A45267-10"
"A41934-2","A6744-1"
"A41997-0","A43715-9"
"A41997-0","A49557-0"
"A41997-0","A7270-0"
"A41997-0","A52351-2"
"A42347-0","A45174-3"
"A42347-0","A45400-1"
"A42467-1","A51379-Unknow0"
"A42467-1","A8009-8"
"A4256-0","A4261-1"
"A42586-0","A49673-2"
"A42586-0","A49687-11"
"A42586-0","A51802-5"
"A42586-0","A52236-0-0"
"A42592-2","A52356-0-1"
"A42592-2","A7759-0"
"A42659","A45223-0"
"A42659","A45267-0"
"A42659","A50962-2"
"A42659","A52216"
"A42659","A52345-0-3"
"A42659","A52554-0"
"A42659","A8016-17"
"A42659","A8468-0"
"A42659","A9549-2"
"A42682","A49687-7"
"A42682","A52163-1"
"A42682","A8004-11"
"A42723-Unknow0","A52370-0-2"
"A42727-1","A52150"
"A42727-1","A52274-0"
"A42727-1","A6131-0"
"A42727-1","A6372-0"
"A42727-1","A47311-0"
"A42738-1","A47382-0"
"A42738-1","A49763-0"
"A42738-1","A50814-0"
"A42739-0","A42871-1"
"A42739-0","A6737-1"
"A42739-0","A50943-8-2"
"A42826-1","A52370-0-2"
"A42826-1","A52656"
"A42826-1","A52657"
"A42826-Unknow0","A45066-0"
"A42826-Unknow0","A52370-0-2"
"A42871-1","A50943-8-2"
"A42967","A51801-0"
"A42967","A52311-1"
"A4303-0","A48293-0"
"A4303-0","A7232-0"
"A43043-1","A46131-0"
"A43043-1","A46131-1"
"A43339-1","A4551-0"
"A43339-1","A46115-3-2"
"A43339-1","A46646-0"
"A43339-1","A46646-1"
"A43355-0","A52256-14"
"A43355-0","A8021-0-0"
"A43355-0","A825-0"
"A43367-2","A44017-0"
"A43400-11","A49763-0"
"A43430-0","A8009-8"
"A43434-0","A7232-0"
"A43434-0","A7892-0"
"A43446-0","A45119-0"
"A43446-0","A50017-0"
"A4350-0","A47394-0"
"A4350-0","A49985"
"A4350-0","A9310-0"
"A43662-0","A44313"
"A43662-0","A45860-7"
"A43662-0","A46240-0"
"A43662-0","A52244-15"
"A43662-0","A6744-1"
"A43662-0","A8036-17"
"A43680-0","A50240-0"
"A43703-17","A44548-0"
"A43712-1","A52246-7"
"A43715-9","A52351-2"
"A43740","A8007-5"
"A43740","A8009-8"
"A43906-0","A46630-0"
"A43906-0","A46630-2"
"A43906-0","A47787-0"
"A43906-0","A49935-0"
"A43906-0","A6744-0-1"
"A43906-0","A6744-2"
"A4397-1","A5576"
"A43980-0","A47332-0"
"A43980-0","A51554-0"
"A43980-0","A49676-0-2"
"A43981-4","A51352-4"
"A43981-4","A51788-1-0"
"A43981-4","A8047-4-0"
"A43982-0","A51813-0-0"
"A43982-0","A52163-1"
"A43982-0","A52286-3"
"A43982-0","A52345-0-0"
"A43982-0","A52358-0-4"
"A44156","A47562-0"
"A44156","A50059-0"
"A44156","A52238-2"
"A44156","A7318"
"A44313","A52244-15"
"A44402","A7232-0"
"A44402","A7892-0"
"A44546-0","A49673-0"
"A44546-0","A50962-2"
"A44546-0","A52384-1"
"A4455-6","A7639-1"
"A44573-0","A44994-2"
"A44736-0","A46559-0"
"A44736-0","A8511-1"
"A44760-0","A48486-0"
"A44760-0","A6799-0"
"A44798-0","A6629-0"
"A44832-0","A7035-0"
"A44854-0","A46651"
"A44854-0","A50090"
"A44854-0","A5304"
"A44916","A48505-0"
"A44916","A49203"
"A44916","A6084-0"
"A44972","A4656-0"
"A44972","A7639-1"
"A44994-0","A6131-0"
"A45066-0","A52370-0-2"
"A45119-0","A50017-0"
"A45119-0","A46195-2"
"A45174-3","A45400-1"
"A45223-0","A45267-0"
"A45223-0","A50962-2"
"A45223-0","A52216"
"A45223-0","A52345-0-3"
"A45223-0","A52554-0"
"A45223-0","A8016-17"
"A45223-0","A8468-0"
"A45223-0","A9549-2"
"A45258-0-3","A45258-1-1"
"A45258-0-3","A49674-0-3"
"A45258-0-3","A8007-0-1"
"A45266-0","A51607-0"
"A45266-0","A51801-22"
"A45266-0","A52237-7"
"A45267-0","A50962-2"
"A45267-0","A52163-1"
"A45267-0","A52216"
"A45267-0","A52345-0-3"
"A45267-0","A52554-0"
"A45267-0","A8016-17"
"A45267-0","A8468-0"
"A45267-0","A9549-2"
"A45267-10","A6744-1"
"A45267-10","A6998-1"
"A45269-14","A46924-0"
"A45269-14","A52253-16"
"A45269-14","A52253-20"
"A4551-0","A46115-3-2"
"A4551-0","A46646-0"
"A4551-0","A46646-1"
"A45860-7","A46240-0"
"A45860-7","A8036-17"
"A45894-0","A50962-2"
"A45894-0","A8015-2"
"A45894-3","A50962-2"
"A45894-3","A7759-0"
"A45957-0","A5079-0"
"A45957-0","A52163-1"
"A45976-0","A5152-0"
"A46115-3-2","A46646-0"
"A46115-3-2","A46646-2"
"A46115-3-2","A46646-1"
"A46131-0","A48491-0"
"A46131-0","A9310-0"
"A46131-1","A48191-1"
"A46240-0","A52031-0"
"A46240-0","A8036-17"
"A46350-1","A7644-1"
"A46380-0","A49493-0"
"A46380-0","A51168-1"
"A46380-0","A51820-0-1"
"A46380-0","A49676-0-2"
"A46525-0","A50156-0"
"A46525-0","A8019-53"
"A46546-5","A6091-0"
"A46546-5","A9157"
"A46559-0","A8511-1"
"A4656-0","A7639-1"
"A46618-0","A51070-0"
"A46630-0","A47787-0"
"A46630-0","A49935-0"
"A46630-0","A6744-2"
"A46630-0","A52593-0"
"A46630-2","A46646-0"
"A46630-2","A47787-0"
"A46630-2","A49935-0"
"A46630-2","A51651"
"A46630-2","A51796-2"
"A46630-2","A52274-14"
"A46630-2","A6744-0-1"
"A46630-2","A6744-2"
"A46630-2","A8601-0"
"A46639-8","A49686-86"
"A46639-8","A52241-5"
"A46646-0","A46646-2"
"A46646-0","A52371-0-0"
"A46646-0","A46646-1"
"A46646-2","A49763-0"
"A46651","A5304"
"A46759-0","A7305-0"
"A46768-0","A52567-Unknow0"
"A46800","A52241-0"
"A46803-0","A50957-0"
"A46803-0","A51350-2"
"A46803-0","A7305-0"
"A46924-0","A51046-0"
"A46924-0","A52253-0"
"A46924-0","A52373-0-0"
"A46933-0","A49687-Unknow7"
"A46933-0","A52163-1"
"A46933-0","A5917"
"A46933-0","A8007-0-1"
"A4702","A49268-0"
"A47040","A7232-0"
"A47040","A9399-0"
"A47330-2","A50063-0"
"A47332-0","A49673-2"
"A47354-0","A51184-2"
"A47354-0","A8006-6"
"A47382-0","A50814-0"
"A47394-0","A49493-0"
"A47461-1","A6715-0"
"A47562-0","A50059-0"
"A47562-0","A52238-2"
"A47562-0","A7318"
"A47571-0","A49678-0-1"
"A47571-0","A7232-0"
"A47571-0","A7798-0"
"A47637-1","A49763-0"
"A47637-1","A6644"
"A47708-0","A50121-0"
"A47708-0","A52639-1"
"A47787-0","A49935-0"
"A47787-0","A6744-0-1"
"A47787-0","A6744-2"
"A48042-0","A51977-0"
"A48293-0","A49934-3"
"A48293-0","A7232-0"
"A48293-0","A7892-0"
"A48293-0","A8598-0"
"A48453-0","A48491-0"
"A48486-0","A49729"
"A48486-0","A6134-0"
"A48486-0","A7232-0"
"A48486-0","A6799-0"
"A48505-0","A49203"
"A48505-0","A6084-0"
"A49203","A6084-0"
"A49218","A49491-0"
"A49218","A52241-0"
"A49268-0","A5930-0"
"A49338-0","A50832-5"
"A49428-0","A49681-6"
"A49491-0","A51813-0-0"
"A49491-0","A52241-0"
"A49493-0","A51168-1"
"A49554-4","A49686-13"
"A49554-4","A50851-0"
"A49570-2","A6629-0"
"A49597-0","A6715-0"
"A49635-1","A52254-4"
"A49635-1","A52358-0-4"
"A49635-1","A52555-2"
"A49668-17","A51380-0"
"A49668-38","A51359-22"
"A49668-38","A592-0"
"A49673-0","A49676-0-3"
"A49673-0","A52346-5"
"A49673-0","A52357-0-1"
"A49673-0","A52384-1"
"A49673-2","A51046-0"
"A49673-2","A52382-16"
"A49673-6-1","A49687-36"
"A49673-6-1","A52371-0-1"
"A49673-6-1","A6395-0"
"A49674-0-3","A51187-2"
"A49674-0-3","A51345-1"
"A49674-0-3","A51377-0"
"A49674-0-3","A52373-0-0"
"A49674-0-3","A8007-0-1"
"A49674-0-3","A8226-0"
"A49674-94","A50337"
"A49674-94","A51024-1"
"A49674-94","A52249-22"
"A49674-94","A6062"
"A49676-0-3","A50962-2"
"A49676-0-3","A51154-0"
"A49676-36","A52251-46"
"A49676-5-2","A51187-0"
"A49676-5-2","A51349-1"
"A49676-5-2","A7232-0"
"A49677-0-0","A51154-0"
"A49677-0-0","A51296-0"
"A49677-0-0","A6733-0"
"A49677-0-0","A8228-2"
"A49677-0-0","A8020-0-9"
"A49678-0-1","A49682-0-2"
"A49678-0-1","A50063-0"
"A49678-0-1","A7232-0"
"A49678-0-1","A6289"
"A49678-0-1","A7798-0"
"A49678-0-1","A8226-0"
"A49680-13","A9371-1"
"A49680-Unknow0","A50156-0"
"A49680-Unknow0","A7270-0"
"A49680-Unknow0","A7759-Unknow0"
"A49682-0-1","A7232-0"
"A49682-0-1","A8006-2"
"A49682-0-2","A6289"
"A49682-42","A50948-3"
"A49682-42","A7232-0"
"A49682-42","A8020-39"
"A49686-13","A50851-0"
"A49686-86","A52241-5"
"A49687-0-1","A7232-0"
"A49687-11","A51386-1"
"A49687-11","A51813-0-0"
"A49687-11","A52345-1"
"A49687-11","A6744-1"
"A49687-120","A50943-13"
"A49687-120","A52060-0"
"A49687-120","A52366-1"
"A49687-36","A6395-0"
"A49687-7","A52163-1"
"A49687-7","A8004-11"
"A49687-7","A8016-7"
"A49687-Unknow7","A52163-1"
"A49687-Unknow7","A5917"
"A49688-25","A50943-13"
"A49729","A6799-0"
"A4976","A50950-16"
"A4976","A52252-28"
"A4976","A6716-0"
"A49763-0","A51813-0-0"
"A49763-0","A6644"
"A49934-3","A7232-0"
"A49934-3","A7892-0"
"A49935-0","A51607-0"
"A49935-0","A51651"
"A49935-0","A51796-2"
"A49935-0","A52274-14"
"A49935-0","A6744-0-1"
"A49935-0","A6744-2"
"A49935-0","A52593-0"
"A49935-0","A8601-0"
"A49944-2","A7232-0"
"A50059-0","A52238-2"
"A50059-0","A5341-0"
"A50059-0","A7318"
"A50063-0","A7232-0"
"A50121-0","A52639-1"
"A50156-0","A7270-0"
"A50156-0","A8019-53"
"A50156-0","A6726"
"A50156-0","A7759-Unknow0"
"A50191","A876"
"A50337","A51024-1"
"A50337","A52249-22"
"A50337","A6062"
"A50459-0","A5688-0"
"A50687-1","A5690"
"A5079-0","A52163-1"
"A50814-1","A5930-0"
"A50836-0","A52359-3"
"A50853-0","A51871-0"
"A50853-0","A7118"
"A50853-0","A8009-24"
"A50943-13","A52060-0"
"A50943-13","A52060-1"
"A50943-13","A52366-1"
"A50943-13","A52589"
"A50948-23","A52555-2"
"A50948-3","A7232-0"
"A50948-3","A8020-39"
"A50950-16","A52252-28"
"A50950-16","A6716-0"
"A50957-0","A51350-2"
"A50957-0","A7305-0"
"A50962-2","A51377-0"
"A50962-2","A52216"
"A50962-2","A52241-0"
"A50962-2","A52345-0-3"
"A50962-2","A52554-0"
"A50962-2","A8016-17"
"A50962-2","A8468-0"
"A50962-2","A9549-2"
"A50962-2","A7759-0"
"A51024-1","A52249-22"
"A51024-1","A6062"
"A51046-0","A52253-0"
"A51046-0","A52373-0-0"
"A51131-1","A51157-2"
"A51131-1","A52373-0-1"
"A51154-0","A51296-0"
"A51154-0","A51607-0"
"A51154-0","A8228-2"
"A51157-2","A52373-0-1"
"A51166-0","A52163-1"
"A51166-0","A52345-0-0"
"A51166-0","A52373-0-0"
"A51166-0","A6737-1"
"A51168-1","A51820-0-0"
"A51184-2","A8006-6"
"A51187-0","A51349-1"
"A51187-0","A52346-5"
"A51187-2","A51345-1"
"A51187-2","A52373-0-0"
"A51200","A6999-11"
"A51200","A7232-0"
"A51296-0","A8228-2"
"A51340-2","A52271-0-0"
"A51345-1","A52373-0-0"
"A51348-Unknow1","A8015-1-0"
"A51350-2","A7305-0"
"A51352-4","A8047-4-0"
"A51359-22","A592-0"
"A51360-6","A6487-1"
"A51360-6","A9661-1"
"A51377-0","A52241-0"
"A51379-Unknow0","A8009-8"
"A51386-1","A52253-0"
"A51386-1","A7759-0"
"A51554-0","A7232-0"
"A51589-0","A52163-1"
"A51589-0","A6737-1"
"A51589-0","A51820-0-1"
"A51607-0","A51801-22"
"A51607-0","A52237-0-1"
"A51607-0","A52237-7"
"A51607-0","A8007-0-1"
"A51651","A51796-2"
"A51651","A6744-2"
"A51788-1-0","A52241-1-1"
"A51788-1-0","A800"
"A51788-1-0","A51788-1-1"
"A51788-11","A7232-0"
"A51796-2","A6744-2"
"A51801-0","A52311-1"
"A51801-22","A52237-7"
"A51802-5","A52373-0-0"
"A51802-5","A52373-3"
"A51813-0-0","A52163-1"
"A51813-0-0","A52286-3"
"A51813-0-0","A52345-1"
"A51813-0-0","A52556-0"
"A51813-0-0","A6744-1"
"A51813-0-0","A6744-2"
"A51825-0","A52486-0"
"A51825-0","A6716-0"
"A51825-0","A9399-0"
"A51871-0","A7118"
"A51871-0","A8009-24"
"A52060-0","A52366-1"
"A52060-1","A52366-1"
"A52060-1","A52589"
"A52150","A52274-0"
"A52150","A6131-0"
"A52163-1","A52286-3"
"A52163-1","A52345-0-0"
"A52163-1","A606"
"A52163-1","A8004-11"
"A52163-1","A8009-8"
"A52163-1","A6737-1"
"A52163-1","A6998-1"
"A52163-1","A5917"
"A52163-1","A8013-8"
"A52163-1","A8016-7"
"A52216","A52345-0-3"
"A52216","A52554-0"
"A52216","A8016-17"
"A52216","A8468-0"
"A52216","A9549-2"
"A52236-0-0","A8036-17"
"A52237-0-1","A6131-0"
"A52237-0-1","A6744-1"
"A52237-7","A52345-1"
"A52237-7","A6131-0"
"A52237-7","A6744-1"
"A52238-2","A7318"
"A52240-12","A8255"
"A52240-12","A8796-2"
"A52241-0","A52556-0"
"A52241-0","A8030-1-6"
"A52241-1-1","A800"
"A52241-3-2","A52256-0-3"
"A52241-5","A52370-0-2"
"A52244-15","A52274-2"
"A52244-15","A6131-0"
"A52244-15","A6372-0"
"A52245-Unknow4","A52370-Unknow1"
"A52245-Unknow4","A9745"
"A52249-0","A52251-0"
"A52249-22","A6062"
"A52252-28","A6716-0"
"A52253-20","A8039-0"
"A52254-4","A7232-0"
"A52254-4","A52555-2"
"A52256-14","A8021-0-0"
"A52256-14","A825-0"
"A52271-0-0","A52345-1"
"A52274-0","A6131-0"
"A52274-14","A6744-2"
"A52274-14","A8601-0"
"A52274-2","A6131-0"
"A52274-2","A6372-0"
"A52274-Unknow0","A8020-Unknow3"
"A52274-Unknow0","A8043-10"
"A52281-3","A6744-1"
"A52281-3","A7042-0"
"A52286-2-0","A8518-2"
"A52311-1","A6744-2"
"A52345-0-0","A52358-0-4"
"A52345-0-0","A6737-1"
"A52345-0-3","A52370-0-2"
"A52345-0-3","A52554-0"
"A52345-0-3","A8016-17"
"A52345-0-3","A8468-0"
"A52345-0-3","A9549-2"
"A52345-1","A6131-0"
"A52345-1","A6744-1"
"A52346-5","A52384-1"
"A52348-1","A7232-0"
"A52356-0-1","A7759-0"
"A52358-0-4","A6737-1"
"A52358-0-4","A8007-0-1"
"A52366-1","A52589"
"A52370-0-2","A52656"
"A52370-0-2","A8009-8"
"A52370-0-2","A52657"
"A52370-0-2","A8020-Unknow1"
"A52370-Unknow1","A6134-0"
"A52370-Unknow1","A9745"
"A52371-0-0","A52373-0-0"
"A52373-0-0","A52373-3"
"A52373-0-0","A52373-0-1"
"A52481","A5822-1"
"A52486-0","A6716-0"
"A52486-0","A9399-0"
"A52554-0","A8016-17"
"A52554-0","A8468-0"
"A52554-0","A9549-2"
"A52556-0","A6744-2"
"A52656","A52657"
"A5341-0","A6716-0"
"A5341-0","A7305-0"
"A5874-0","A8598-0"
"A588-0","A9266"
"A606","A8013-8"
"A6091-0","A9157"
"A6131-0","A6372-0"
"A6131-0","A6744-1"
"A6134-0","A7232-0"
"A6487-1","A9661-1"
"A6650","A7892-0"
"A6650","A8006-9-1"
"A6699-1","A6970"
"A6716-0","A9399-0"
"A6733-0","A8020-0-9"
"A6744-1","A6744-2"
"A6744-1","A7042-0"
"A6744-2","A8043-10"
"A6744-2","A8601-0"
"A6830","A8623-0"
"A6830","A9410"
"A6999-11","A7232-0"
"A7118","A8009-24"
"A7232-0","A7892-0"
"A7232-0","A8598-0"
"A7232-0","A9399-0"
"A7232-0","A7639-1"
"A7232-0","A8020-39"
"A7232-0","A7798-0"
"A7270-0","A7759-Unknow0"
"A7892-0","A9399-0"
"A7892-0","A8006-9-1"
"A8004-11","A8016-7"
"A8007-5","A8009-8"
"A8009-8","A8013-8"
"A8016-17","A8468-0"
"A8016-17","A9549-2"
"A8020-Unknow3","A8043-10"
"A8021-0-0","A825-0"
"A8021-0-0","A9973-0"
"A8255","A8796-2"
"A8468-0","A9549-2"
"A8598-0","A9399-0"
"A8623-0","A9410"
